"01","01000","ALABAMA"
"01","01001","AUTAUGA_COUNTY"
"01","01003","BALDWIN_COUNTY"
"01","01005","BARBOUR_COUNTY"
"01","01007","BIBB_COUNTY"
"01","01009","BLOUNT_COUNTY"
"01","01011","BULLOCK_COUNTY"
"01","01013","BUTLER_COUNTY"
"01","01015","CALHOUN_COUNTY"
"01","01017","CHAMBERS_COUNTY"
"01","01019","CHEROKEE_COUNTY"
"01","01021","CHILTON_COUNTY"
"01","01023","CHOCTAW_COUNTY"
"01","01025","CLARKE_COUNTY"
"01","01027","CLAY_COUNTY"
"01","01029","CLEBURNE_COUNTY"
"01","01031","COFFEE_COUNTY"
"01","01033","COLBERT_COUNTY"
"01","01035","CONECUH_COUNTY"
"01","01037","COOSA_COUNTY"
"01","01039","COVINGTON_COUNTY"
"01","01041","CRENSHAW_COUNTY"
"01","01043","CULLMAN_COUNTY"
"01","01045","DALE_COUNTY"
"01","01047","DALLAS_COUNTY"
"01","01049","DEKALB_COUNTY"
"01","01051","ELMORE_COUNTY"
"01","01053","ESCAMBIA_COUNTY"
"01","01055","ETOWAH_COUNTY"
"01","01057","FAYETTE_COUNTY"
"01","01059","FRANKLIN_COUNTY"
"01","01061","GENEVA_COUNTY"
"01","01063","GREENE_COUNTY"
"01","01065","HALE_COUNTY"
"01","01067","HENRY_COUNTY"
"01","01069","HOUSTON_COUNTY"
"01","01071","JACKSON_COUNTY"
"01","01073","JEFFERSON_COUNTY"
"01","01075","LAMAR_COUNTY"
"01","01077","LAUDERDALE_COUNTY"
"01","01079","LAWRENCE_COUNTY"
"01","01081","LEE_COUNTY"
"01","01083","LIMESTONE_COUNTY"
"01","01085","LOWNDES_COUNTY"
"01","01087","MACON_COUNTY"
"01","01089","MADISON_COUNTY"
"01","01091","MARENGO_COUNTY"
"01","01093","MARION_COUNTY"
"01","01095","MARSHALL_COUNTY"
"01","01097","MOBILE_COUNTY"
"01","01099","MONROE_COUNTY"
"01","01101","MONTGOMERY_COUNTY"
"01","01103","MORGAN_COUNTY"
"01","01105","PERRY_COUNTY"
"01","01107","PICKENS_COUNTY"
"01","01109","PIKE_COUNTY"
"01","01111","RANDOLPH_COUNTY"
"01","01113","RUSSELL_COUNTY"
"01","01115","ST._CLAIR_COUNTY"
"01","01117","SHELBY_COUNTY"
"01","01119","SUMTER_COUNTY"
"01","01121","TALLADEGA_COUNTY"
"01","01123","TALLAPOOSA_COUNTY"
"01","01125","TUSCALOOSA_COUNTY"
"01","01127","WALKER_COUNTY"
"01","01129","WASHINGTON_COUNTY"
"01","01131","WILCOX_COUNTY"
"01","01133","WINSTON_COUNTY"
"02","02000","ALASKA"
"02","02013","ALEUTIANS_EAST_BOROUGH"
"02","02016","ALEUTIANS_WEST_CENSUS_AREA"
"02","02020","ANCHORAGE_BOROUGH"
"02","02050","BETHEL_CENSUS_AREA"
"02","02060","BRISTOL_BAY_BOROUGH"
"02","02068","DENALI_BOROUGH"
"02","02070","DILLINGHAM_CENSUS_AREA"
"02","02090","FAIRBANKS_NORTH_STAR_BOROUGH"
"02","02100","HAINES_BOROUGH"
"02","02110","JUNEAU_BOROUGH"
"02","02122","KENAI_PENINSULA_BOROUGH"
"02","02130","KETCHIKAN_GATEWAY_BOROUGH"
"02","02150","KODIAK_ISLAND_BOROUGH"
"02","02164","LAKE_AND_PENINSULA_BOROUGH"
"02","02170","MATANUSKA-SUSITNA_BOROUGH"
"02","02180","NOME_CENSUS_AREA"
"02","02185","NORTH_SLOPE_BOROUGH"
"02","02188","NORTHWEST_ARCTIC_BOROUGH"
"02","02201","PRINCE_OF_WALES-OUTER_KETCHIKAN"
"02","02220","SITKA_BOROUGH"
"02","02231","SKAGWAY-YAKUTAT-ANGOON_CENSUS_AREA"
"02","02232","SKAGWAY-HOONAH-ANGOON_CENSUS_AREA"
"02","02240","SOUTHEAST_FAIRBANKS_CENSUS_AREA"
"02","02261","VALDEZ-CORDOVA_CENSUS_AREA"
"02","02270","WADE_HAMPTON_CENSUS_AREA"
"02","02280","WRANGELL-PETERSBURG_CENSUS_AREA"
"02","02282","YAKUTAT_BOROUGH"
"02","02290","YUKON-KOYUKUK_CENSUS_AREA"
"04","04000","ARIZONA"
"04","04001","APACHE_COUNTY"
"04","04003","COCHISE_COUNTY"
"04","04005","COCONINO_COUNTY"
"04","04007","GILA_COUNTY"
"04","04009","GRAHAM_COUNTY"
"04","04011","GREENLEE_COUNTY"
"04","04012","LA_PAZ_COUNTY"
"04","04013","MARICOPA_COUNTY"
"04","04015","MOHAVE_COUNTY"
"04","04017","NAVAJO_COUNTY"
"04","04019","PIMA_COUNTY"
"04","04021","PINAL_COUNTY"
"04","04023","SANTA_CRUZ_COUNTY"
"04","04025","YAVAPAI_COUNTY"
"04","04027","YUMA_COUNTY"
"05","05000","ARKANSAS"
"05","05001","ARKANSAS_COUNTY"
"05","05003","ASHLEY_COUNTY"
"05","05005","BAXTER_COUNTY"
"05","05007","BENTON_COUNTY"
"05","05009","BOONE_COUNTY"
"05","05011","BRADLEY_COUNTY"
"05","05013","CALHOUN_COUNTY"
"05","05015","CARROLL_COUNTY"
"05","05017","CHICOT_COUNTY"
"05","05019","CLARK_COUNTY"
"05","05021","CLAY_COUNTY"
"05","05023","CLEBURNE_COUNTY"
"05","05025","CLEVELAND_COUNTY"
"05","05027","COLUMBIA_COUNTY"
"05","05029","CONWAY_COUNTY"
"05","05031","CRAIGHEAD_COUNTY"
"05","05033","CRAWFORD_COUNTY"
"05","05035","CRITTENDEN_COUNTY"
"05","05037","CROSS_COUNTY"
"05","05039","DALLAS_COUNTY"
"05","05041","DESHA_COUNTY"
"05","05043","DREW_COUNTY"
"05","05045","FAULKNER_COUNTY"
"05","05047","FRANKLIN_COUNTY"
"05","05049","FULTON_COUNTY"
"05","05051","GARLAND_COUNTY"
"05","05053","GRANT_COUNTY"
"05","05055","GREENE_COUNTY"
"05","05057","HEMPSTEAD_COUNTY"
"05","05059","HOT_SPRING_COUNTY"
"05","05061","HOWARD_COUNTY"
"05","05063","INDEPENDENCE_COUNTY"
"05","05065","IZARD_COUNTY"
"05","05067","JACKSON_COUNTY"
"05","05069","JEFFERSON_COUNTY"
"05","05071","JOHNSON_COUNTY"
"05","05073","LAFAYETTE_COUNTY"
"05","05075","LAWRENCE_COUNTY"
"05","05077","LEE_COUNTY"
"05","05079","LINCOLN_COUNTY"
"05","05081","LITTLE_RIVER_COUNTY"
"05","05083","LOGAN_COUNTY"
"05","05085","LONOKE_COUNTY"
"05","05087","MADISON_COUNTY"
"05","05089","MARION_COUNTY"
"05","05091","MILLER_COUNTY"
"05","05093","MISSISSIPPI_COUNTY"
"05","05095","MONROE_COUNTY"
"05","05097","MONTGOMERY_COUNTY"
"05","05099","NEVADA_COUNTY"
"05","05101","NEWTON_COUNTY"
"05","05103","OUACHITA_COUNTY"
"05","05105","PERRY_COUNTY"
"05","05107","PHILLIPS_COUNTY"
"05","05109","PIKE_COUNTY"
"05","05111","POINSETT_COUNTY"
"05","05113","POLK_COUNTY"
"05","05115","POPE_COUNTY"
"05","05117","PRAIRIE_COUNTY"
"05","05119","PULASKI_COUNTY"
"05","05121","RANDOLPH_COUNTY"
"05","05123","ST._FRANCIS_COUNTY"
"05","05125","SALINE_COUNTY"
"05","05127","SCOTT_COUNTY"
"05","05129","SEARCY_COUNTY"
"05","05131","SEBASTIAN_COUNTY"
"05","05133","SEVIER_COUNTY"
"05","05135","SHARP_COUNTY"
"05","05137","STONE_COUNTY"
"05","05139","UNION_COUNTY"
"05","05141","VAN_BUREN_COUNTY"
"05","05143","WASHINGTON_COUNTY"
"05","05145","WHITE_COUNTY"
"05","05147","WOODRUFF_COUNTY"
"05","05149","YELL_COUNTY"
"06","06000","CALIFORNIA"
"06","06001","ALAMEDA_COUNTY"
"06","06003","ALPINE_COUNTY"
"06","06005","AMADOR_COUNTY"
"06","06007","BUTTE_COUNTY"
"06","06009","CALAVERAS_COUNTY"
"06","06011","COLUSA_COUNTY"
"06","06013","CONTRA_COSTA_COUNTY"
"06","06015","DEL_NORTE_COUNTY"
"06","06017","EL_DORADO_COUNTY"
"06","06019","FRESNO_COUNTY"
"06","06021","GLENN_COUNTY"
"06","06023","HUMBOLDT_COUNTY"
"06","06025","IMPERIAL_COUNTY"
"06","06027","INYO_COUNTY"
"06","06029","KERN_COUNTY"
"06","06031","KINGS_COUNTY"
"06","06033","LAKE_COUNTY"
"06","06035","LASSEN_COUNTY"
"06","06037","LOS_ANGELES_COUNTY"
"06","06039","MADERA_COUNTY"
"06","06041","MARIN_COUNTY"
"06","06043","MARIPOSA_COUNTY"
"06","06045","MENDOCINO_COUNTY"
"06","06047","MERCED_COUNTY"
"06","06049","MODOC_COUNTY"
"06","06051","MONO_COUNTY"
"06","06053","MONTEREY_COUNTY"
"06","06055","NAPA_COUNTY"
"06","06057","NEVADA_COUNTY"
"06","06059","ORANGE_COUNTY"
"06","06061","PLACER_COUNTY"
"06","06063","PLUMAS_COUNTY"
"06","06065","RIVERSIDE_COUNTY"
"06","06067","SACRAMENTO_COUNTY"
"06","06069","SAN_BENITO_COUNTY"
"06","06071","SAN_BERNARDINO_COUNTY"
"06","06073","SAN_DIEGO_COUNTY"
"06","06075","SAN_FRANCISCO_COUNTY"
"06","06077","SAN_JOAQUIN_COUNTY"
"06","06079","SAN_LUIS_OBISPO_COUNTY"
"06","06081","SAN_MATEO_COUNTY"
"06","06083","SANTA_BARBARA_COUNTY"
"06","06085","SANTA_CLARA_COUNTY"
"06","06087","SANTA_CRUZ_COUNTY"
"06","06089","SHASTA_COUNTY"
"06","06091","SIERRA_COUNTY"
"06","06093","SISKIYOU_COUNTY"
"06","06095","SOLANO_COUNTY"
"06","06097","SONOMA_COUNTY"
"06","06099","STANISLAUS_COUNTY"
"06","06101","SUTTER_COUNTY"
"06","06103","TEHAMA_COUNTY"
"06","06105","TRINITY_COUNTY"
"06","06107","TULARE_COUNTY"
"06","06109","TUOLUMNE_COUNTY"
"06","06111","VENTURA_COUNTY"
"06","06113","YOLO_COUNTY"
"06","06115","YUBA_COUNTY"
"08","08000","COLORADO"
"08","08001","ADAMS_COUNTY"
"08","08003","ALAMOSA_COUNTY"
"08","08005","ARAPAHOE_COUNTY"
"08","08007","ARCHULETA_COUNTY"
"08","08009","BACA_COUNTY"
"08","08011","BENT_COUNTY"
"08","08013","BOULDER_COUNTY"
"08","08015","CHAFFEE_COUNTY"
"08","08017","CHEYENNE_COUNTY"
"08","08019","CLEAR_CREEK_COUNTY"
"08","08021","CONEJOS_COUNTY"
"08","08023","COSTILLA_COUNTY"
"08","08025","CROWLEY_COUNTY"
"08","08027","CUSTER_COUNTY"
"08","08029","DELTA_COUNTY"
"08","08031","DENVER_COUNTY"
"08","08033","DOLORES_COUNTY"
"08","08035","DOUGLAS_COUNTY"
"08","08037","EAGLE_COUNTY"
"08","08039","ELBERT_COUNTY"
"08","08041","EL_PASO_COUNTY"
"08","08043","FREMONT_COUNTY"
"08","08045","GARFIELD_COUNTY"
"08","08047","GILPIN_COUNTY"
"08","08049","GRAND_COUNTY"
"08","08051","GUNNISON_COUNTY"
"08","08053","HINSDALE_COUNTY"
"08","08055","HUERFANO_COUNTY"
"08","08057","JACKSON_COUNTY"
"08","08059","JEFFERSON_COUNTY"
"08","08061","KIOWA_COUNTY"
"08","08063","KIT_CARSON_COUNTY"
"08","08065","LAKE_COUNTY"
"08","08067","LA_PLATA_COUNTY"
"08","08069","LARIMER_COUNTY"
"08","08071","LAS_ANIMAS_COUNTY"
"08","08073","LINCOLN_COUNTY"
"08","08075","LOGAN_COUNTY"
"08","08077","MESA_COUNTY"
"08","08079","MINERAL_COUNTY"
"08","08081","MOFFAT_COUNTY"
"08","08083","MONTEZUMA_COUNTY"
"08","08085","MONTROSE_COUNTY"
"08","08087","MORGAN_COUNTY"
"08","08089","OTERO_COUNTY"
"08","08091","OURAY_COUNTY"
"08","08093","PARK_COUNTY"
"08","08095","PHILLIPS_COUNTY"
"08","08097","PITKIN_COUNTY"
"08","08099","PROWERS_COUNTY"
"08","08101","PUEBLO_COUNTY"
"08","08103","RIO_BLANCO_COUNTY"
"08","08105","RIO_GRANDE_COUNTY"
"08","08107","ROUTT_COUNTY"
"08","08109","SAGUACHE_COUNTY"
"08","08111","SAN_JUAN_COUNTY"
"08","08113","SAN_MIGUEL_COUNTY"
"08","08115","SEDGWICK_COUNTY"
"08","08117","SUMMIT_COUNTY"
"08","08119","TELLER_COUNTY"
"08","08121","WASHINGTON_COUNTY"
"08","08123","WELD_COUNTY"
"08","08125","YUMA_COUNTY"
"09","09000","CONNECTICUT"
"09","09001","FAIRFIELD_COUNTY"
"09","09003","HARTFORD_COUNTY"
"09","09005","LITCHFIELD_COUNTY"
"09","09007","MIDDLESEX_COUNTY"
"09","09009","NEW_HAVEN_COUNTY"
"09","09011","NEW_LONDON_COUNTY"
"09","09013","TOLLAND_COUNTY"
"09","09015","WINDHAM_COUNTY"
"10","10000","DELAWARE"
"10","10001","KENT_COUNTY"
"10","10003","NEW_CASTLE_COUNTY"
"10","10005","SUSSEX_COUNTY"
"11","11000","DISTRICT_OF_COLUMBIA"
"11","11001","DISTRICT_OF_COLUMBIA"
"12","12000","FLORIDA"
"12","12001","ALACHUA_COUNTY"
"12","12003","BAKER_COUNTY"
"12","12005","BAY_COUNTY"
"12","12007","BRADFORD_COUNTY"
"12","12009","BREVARD_COUNTY"
"12","12011","BROWARD_COUNTY"
"12","12013","CALHOUN_COUNTY"
"12","12015","CHARLOTTE_COUNTY"
"12","12017","CITRUS_COUNTY"
"12","12019","CLAY_COUNTY"
"12","12021","COLLIER_COUNTY"
"12","12023","COLUMBIA_COUNTY"
"12","12025","DADE_COUNTY"
"12","12027","DESOTO_COUNTY"
"12","12029","DIXIE_COUNTY"
"12","12031","DUVAL_COUNTY"
"12","12033","ESCAMBIA_COUNTY"
"12","12035","FLAGLER_COUNTY"
"12","12037","FRANKLIN_COUNTY"
"12","12039","GADSDEN_COUNTY"
"12","12041","GILCHRIST_COUNTY"
"12","12043","GLADES_COUNTY"
"12","12045","GULF_COUNTY"
"12","12047","HAMILTON_COUNTY"
"12","12049","HARDEE_COUNTY"
"12","12051","HENDRY_COUNTY"
"12","12053","HERNANDO_COUNTY"
"12","12055","HIGHLANDS_COUNTY"
"12","12057","HILLSBOROUGH_COUNTY"
"12","12059","HOLMES_COUNTY"
"12","12061","INDIAN_RIVER_COUNTY"
"12","12063","JACKSON_COUNTY"
"12","12065","JEFFERSON_COUNTY"
"12","12067","LAFAYETTE_COUNTY"
"12","12069","LAKE_COUNTY"
"12","12071","LEE_COUNTY"
"12","12073","LEON_COUNTY"
"12","12075","LEVY_COUNTY"
"12","12077","LIBERTY_COUNTY"
"12","12079","MADISON_COUNTY"
"12","12081","MANATEE_COUNTY"
"12","12083","MARION_COUNTY"
"12","12085","MARTIN_COUNTY"
"12","12087","MONROE_COUNTY"
"12","12089","NASSAU_COUNTY"
"12","12091","OKALOOSA_COUNTY"
"12","12093","OKEECHOBEE_COUNTY"
"12","12095","ORANGE_COUNTY"
"12","12097","OSCEOLA_COUNTY"
"12","12099","PALM_BEACH_COUNTY"
"12","12101","PASCO_COUNTY"
"12","12103","PINELLAS_COUNTY"
"12","12105","POLK_COUNTY"
"12","12107","PUTNAM_COUNTY"
"12","12109","ST._JOHNS_COUNTY"
"12","12111","ST._LUCIE_COUNTY"
"12","12113","SANTA_ROSA_COUNTY"
"12","12115","SARASOTA_COUNTY"
"12","12117","SEMINOLE_COUNTY"
"12","12119","SUMTER_COUNTY"
"12","12121","SUWANNEE_COUNTY"
"12","12123","TAYLOR_COUNTY"
"12","12125","UNION_COUNTY"
"12","12127","VOLUSIA_COUNTY"
"12","12129","WAKULLA_COUNTY"
"12","12131","WALTON_COUNTY"
"12","12133","WASHINGTON_COUNTY"
"13","13000","GEORGIA"
"13","13001","APPLING_COUNTY"
"13","13003","ATKINSON_COUNTY"
"13","13005","BACON_COUNTY"
"13","13007","BAKER_COUNTY"
"13","13009","BALDWIN_COUNTY"
"13","13011","BANKS_COUNTY"
"13","13013","BARROW_COUNTY"
"13","13015","BARTOW_COUNTY"
"13","13017","BEN_HILL_COUNTY"
"13","13019","BERRIEN_COUNTY"
"13","13021","BIBB_COUNTY"
"13","13023","BLECKLEY_COUNTY"
"13","13025","BRANTLEY_COUNTY"
"13","13027","BROOKS_COUNTY"
"13","13029","BRYAN_COUNTY"
"13","13031","BULLOCH_COUNTY"
"13","13033","BURKE_COUNTY"
"13","13035","BUTTS_COUNTY"
"13","13037","CALHOUN_COUNTY"
"13","13039","CAMDEN_COUNTY"
"13","13043","CANDLER_COUNTY"
"13","13045","CARROLL_COUNTY"
"13","13047","CATOOSA_COUNTY"
"13","13049","CHARLTON_COUNTY"
"13","13051","CHATHAM_COUNTY"
"13","13053","CHATTAHOOCHEE_COUNTY"
"13","13055","CHATTOOGA_COUNTY"
"13","13057","CHEROKEE_COUNTY"
"13","13059","CLARKE_COUNTY"
"13","13061","CLAY_COUNTY"
"13","13063","CLAYTON_COUNTY"
"13","13065","CLINCH_COUNTY"
"13","13067","COBB_COUNTY"
"13","13069","COFFEE_COUNTY"
"13","13071","COLQUITT_COUNTY"
"13","13073","COLUMBIA_COUNTY"
"13","13075","COOK_COUNTY"
"13","13077","COWETA_COUNTY"
"13","13079","CRAWFORD_COUNTY"
"13","13081","CRISP_COUNTY"
"13","13083","DADE_COUNTY"
"13","13085","DAWSON_COUNTY"
"13","13087","DECATUR_COUNTY"
"13","13089","DEKALB_COUNTY"
"13","13091","DODGE_COUNTY"
"13","13093","DOOLY_COUNTY"
"13","13095","DOUGHERTY_COUNTY"
"13","13097","DOUGLAS_COUNTY"
"13","13099","EARLY_COUNTY"
"13","13101","ECHOLS_COUNTY"
"13","13103","EFFINGHAM_COUNTY"
"13","13105","ELBERT_COUNTY"
"13","13107","EMANUEL_COUNTY"
"13","13109","EVANS_COUNTY"
"13","13111","FANNIN_COUNTY"
"13","13113","FAYETTE_COUNTY"
"13","13115","FLOYD_COUNTY"
"13","13117","FORSYTH_COUNTY"
"13","13119","FRANKLIN_COUNTY"
"13","13121","FULTON_COUNTY"
"13","13123","GILMER_COUNTY"
"13","13125","GLASCOCK_COUNTY"
"13","13127","GLYNN_COUNTY"
"13","13129","GORDON_COUNTY"
"13","13131","GRADY_COUNTY"
"13","13133","GREENE_COUNTY"
"13","13135","GWINNETT_COUNTY"
"13","13137","HABERSHAM_COUNTY"
"13","13139","HALL_COUNTY"
"13","13141","HANCOCK_COUNTY"
"13","13143","HARALSON_COUNTY"
"13","13145","HARRIS_COUNTY"
"13","13147","HART_COUNTY"
"13","13149","HEARD_COUNTY"
"13","13151","HENRY_COUNTY"
"13","13153","HOUSTON_COUNTY"
"13","13155","IRWIN_COUNTY"
"13","13157","JACKSON_COUNTY"
"13","13159","JASPER_COUNTY"
"13","13161","JEFF_DAVIS_COUNTY"
"13","13163","JEFFERSON_COUNTY"
"13","13165","JENKINS_COUNTY"
"13","13167","JOHNSON_COUNTY"
"13","13169","JONES_COUNTY"
"13","13171","LAMAR_COUNTY"
"13","13173","LANIER_COUNTY"
"13","13175","LAURENS_COUNTY"
"13","13177","LEE_COUNTY"
"13","13179","LIBERTY_COUNTY"
"13","13181","LINCOLN_COUNTY"
"13","13183","LONG_COUNTY"
"13","13185","LOWNDES_COUNTY"
"13","13187","LUMPKIN_COUNTY"
"13","13189","MCDUFFIE_COUNTY"
"13","13191","MCINTOSH_COUNTY"
"13","13193","MACON_COUNTY"
"13","13195","MADISON_COUNTY"
"13","13197","MARION_COUNTY"
"13","13199","MERIWETHER_COUNTY"
"13","13201","MILLER_COUNTY"
"13","13205","MITCHELL_COUNTY"
"13","13207","MONROE_COUNTY"
"13","13209","MONTGOMERY_COUNTY"
"13","13211","MORGAN_COUNTY"
"13","13213","MURRAY_COUNTY"
"13","13215","MUSCOGEE_COUNTY"
"13","13217","NEWTON_COUNTY"
"13","13219","OCONEE_COUNTY"
"13","13221","OGLETHORPE_COUNTY"
"13","13223","PAULDING_COUNTY"
"13","13225","PEACH_COUNTY"
"13","13227","PICKENS_COUNTY"
"13","13229","PIERCE_COUNTY"
"13","13231","PIKE_COUNTY"
"13","13233","POLK_COUNTY"
"13","13235","PULASKI_COUNTY"
"13","13237","PUTNAM_COUNTY"
"13","13239","QUITMAN_COUNTY"
"13","13241","RABUN_COUNTY"
"13","13243","RANDOLPH_COUNTY"
"13","13245","RICHMOND_COUNTY"
"13","13247","ROCKDALE_COUNTY"
"13","13249","SCHLEY_COUNTY"
"13","13251","SCREVEN_COUNTY"
"13","13253","SEMINOLE_COUNTY"
"13","13255","SPALDING_COUNTY"
"13","13257","STEPHENS_COUNTY"
"13","13259","STEWART_COUNTY"
"13","13261","SUMTER_COUNTY"
"13","13263","TALBOT_COUNTY"
"13","13265","TALIAFERRO_COUNTY"
"13","13267","TATTNALL_COUNTY"
"13","13269","TAYLOR_COUNTY"
"13","13271","TELFAIR_COUNTY"
"13","13273","TERRELL_COUNTY"
"13","13275","THOMAS_COUNTY"
"13","13277","TIFT_COUNTY"
"13","13279","TOOMBS_COUNTY"
"13","13281","TOWNS_COUNTY"
"13","13283","TREUTLEN_COUNTY"
"13","13285","TROUP_COUNTY"
"13","13287","TURNER_COUNTY"
"13","13289","TWIGGS_COUNTY"
"13","13291","UNION_COUNTY"
"13","13293","UPSON_COUNTY"
"13","13295","WALKER_COUNTY"
"13","13297","WALTON_COUNTY"
"13","13299","WARE_COUNTY"
"13","13301","WARREN_COUNTY"
"13","13303","WASHINGTON_COUNTY"
"13","13305","WAYNE_COUNTY"
"13","13307","WEBSTER_COUNTY"
"13","13309","WHEELER_COUNTY"
"13","13311","WHITE_COUNTY"
"13","13313","WHITFIELD_COUNTY"
"13","13315","WILCOX_COUNTY"
"13","13317","WILKES_COUNTY"
"13","13319","WILKINSON_COUNTY"
"13","13321","WORTH_COUNTY"
"15","15000","HAWAII"
"15","15001","HAWAII_COUNTY"
"15","15003","HONOLULU_COUNTY"
"15","15005","KALAWAO_COUNTY"
"15","15007","KAUAI_COUNTY"
"15","15009","MAUI_COUNTY"
"16","16000","IDAHO"
"16","16001","ADA_COUNTY"
"16","16003","ADAMS_COUNTY"
"16","16005","BANNOCK_COUNTY"
"16","16007","BEAR_LAKE_COUNTY"
"16","16009","BENEWAH_COUNTY"
"16","16011","BINGHAM_COUNTY"
"16","16013","BLAINE_COUNTY"
"16","16015","BOISE_COUNTY"
"16","16017","BONNER_COUNTY"
"16","16019","BONNEVILLE_COUNTY"
"16","16021","BOUNDARY_COUNTY"
"16","16023","BUTTE_COUNTY"
"16","16025","CAMAS_COUNTY"
"16","16027","CANYON_COUNTY"
"16","16029","CARIBOU_COUNTY"
"16","16031","CASSIA_COUNTY"
"16","16033","CLARK_COUNTY"
"16","16035","CLEARWATER_COUNTY"
"16","16037","CUSTER_COUNTY"
"16","16039","ELMORE_COUNTY"
"16","16041","FRANKLIN_COUNTY"
"16","16043","FREMONT_COUNTY"
"16","16045","GEM_COUNTY"
"16","16047","GOODING_COUNTY"
"16","16049","IDAHO_COUNTY"
"16","16051","JEFFERSON_COUNTY"
"16","16053","JEROME_COUNTY"
"16","16055","KOOTENAI_COUNTY"
"16","16057","LATAH_COUNTY"
"16","16059","LEMHI_COUNTY"
"16","16061","LEWIS_COUNTY"
"16","16063","LINCOLN_COUNTY"
"16","16065","MADISON_COUNTY"
"16","16067","MINIDOKA_COUNTY"
"16","16069","NEZ_PERCE_COUNTY"
"16","16071","ONEIDA_COUNTY"
"16","16073","OWYHEE_COUNTY"
"16","16075","PAYETTE_COUNTY"
"16","16077","POWER_COUNTY"
"16","16079","SHOSHONE_COUNTY"
"16","16081","TETON_COUNTY"
"16","16083","TWIN_FALLS_COUNTY"
"16","16085","VALLEY_COUNTY"
"16","16087","WASHINGTON_COUNTY"
"17","17000","ILLINOIS"
"17","17001","ADAMS_COUNTY"
"17","17003","ALEXANDER_COUNTY"
"17","17005","BOND_COUNTY"
"17","17007","BOONE_COUNTY"
"17","17009","BROWN_COUNTY"
"17","17011","BUREAU_COUNTY"
"17","17013","CALHOUN_COUNTY"
"17","17015","CARROLL_COUNTY"
"17","17017","CASS_COUNTY"
"17","17019","CHAMPAIGN_COUNTY"
"17","17021","CHRISTIAN_COUNTY"
"17","17023","CLARK_COUNTY"
"17","17025","CLAY_COUNTY"
"17","17027","CLINTON_COUNTY"
"17","17029","COLES_COUNTY"
"17","17031","COOK_COUNTY"
"17","17033","CRAWFORD_COUNTY"
"17","17035","CUMBERLAND_COUNTY"
"17","17037","DEKALB_COUNTY"
"17","17039","DE_WITT_COUNTY"
"17","17041","DOUGLAS_COUNTY"
"17","17043","DUPAGE_COUNTY"
"17","17045","EDGAR_COUNTY"
"17","17047","EDWARDS_COUNTY"
"17","17049","EFFINGHAM_COUNTY"
"17","17051","FAYETTE_COUNTY"
"17","17053","FORD_COUNTY"
"17","17055","FRANKLIN_COUNTY"
"17","17057","FULTON_COUNTY"
"17","17059","GALLATIN_COUNTY"
"17","17061","GREENE_COUNTY"
"17","17063","GRUNDY_COUNTY"
"17","17065","HAMILTON_COUNTY"
"17","17067","HANCOCK_COUNTY"
"17","17069","HARDIN_COUNTY"
"17","17071","HENDERSON_COUNTY"
"17","17073","HENRY_COUNTY"
"17","17075","IROQUOIS_COUNTY"
"17","17077","JACKSON_COUNTY"
"17","17079","JASPER_COUNTY"
"17","17081","JEFFERSON_COUNTY"
"17","17083","JERSEY_COUNTY"
"17","17085","JO_DAVIESS_COUNTY"
"17","17087","JOHNSON_COUNTY"
"17","17089","KANE_COUNTY"
"17","17091","KANKAKEE_COUNTY"
"17","17093","KENDALL_COUNTY"
"17","17095","KNOX_COUNTY"
"17","17097","LAKE_COUNTY"
"17","17099","LA_SALLE_COUNTY"
"17","17101","LAWRENCE_COUNTY"
"17","17103","LEE_COUNTY"
"17","17105","LIVINGSTON_COUNTY"
"17","17107","LOGAN_COUNTY"
"17","17109","MCDONOUGH_COUNTY"
"17","17111","MCHENRY_COUNTY"
"17","17113","MCLEAN_COUNTY"
"17","17115","MACON_COUNTY"
"17","17117","MACOUPIN_COUNTY"
"17","17119","MADISON_COUNTY"
"17","17121","MARION_COUNTY"
"17","17123","MARSHALL_COUNTY"
"17","17125","MASON_COUNTY"
"17","17127","MASSAC_COUNTY"
"17","17129","MENARD_COUNTY"
"17","17131","MERCER_COUNTY"
"17","17133","MONROE_COUNTY"
"17","17135","MONTGOMERY_COUNTY"
"17","17137","MORGAN_COUNTY"
"17","17139","MOULTRIE_COUNTY"
"17","17141","OGLE_COUNTY"
"17","17143","PEORIA_COUNTY"
"17","17145","PERRY_COUNTY"
"17","17147","PIATT_COUNTY"
"17","17149","PIKE_COUNTY"
"17","17151","POPE_COUNTY"
"17","17153","PULASKI_COUNTY"
"17","17155","PUTNAM_COUNTY"
"17","17157","RANDOLPH_COUNTY"
"17","17159","RICHLAND_COUNTY"
"17","17161","ROCK_ISLAND_COUNTY"
"17","17163","ST._CLAIR_COUNTY"
"17","17165","SALINE_COUNTY"
"17","17167","SANGAMON_COUNTY"
"17","17169","SCHUYLER_COUNTY"
"17","17171","SCOTT_COUNTY"
"17","17173","SHELBY_COUNTY"
"17","17175","STARK_COUNTY"
"17","17177","STEPHENSON_COUNTY"
"17","17179","TAZEWELL_COUNTY"
"17","17181","UNION_COUNTY"
"17","17183","VERMILION_COUNTY"
"17","17185","WABASH_COUNTY"
"17","17187","WARREN_COUNTY"
"17","17189","WASHINGTON_COUNTY"
"17","17191","WAYNE_COUNTY"
"17","17193","WHITE_COUNTY"
"17","17195","WHITESIDE_COUNTY"
"17","17197","WILL_COUNTY"
"17","17199","WILLIAMSON_COUNTY"
"17","17201","WINNEBAGO_COUNTY"
"17","17203","WOODFORD_COUNTY"
"18","18000","INDIANA"
"18","18001","ADAMS_COUNTY"
"18","18003","ALLEN_COUNTY"
"18","18005","BARTHOLOMEW_COUNTY"
"18","18007","BENTON_COUNTY"
"18","18009","BLACKFORD_COUNTY"
"18","18011","BOONE_COUNTY"
"18","18013","BROWN_COUNTY"
"18","18015","CARROLL_COUNTY"
"18","18017","CASS_COUNTY"
"18","18019","CLARK_COUNTY"
"18","18021","CLAY_COUNTY"
"18","18023","CLINTON_COUNTY"
"18","18025","CRAWFORD_COUNTY"
"18","18027","DAVIESS_COUNTY"
"18","18029","DEARBORN_COUNTY"
"18","18031","DECATUR_COUNTY"
"18","18033","DE_KALB_COUNTY"
"18","18035","DELAWARE_COUNTY"
"18","18037","DUBOIS_COUNTY"
"18","18039","ELKHART_COUNTY"
"18","18041","FAYETTE_COUNTY"
"18","18043","FLOYD_COUNTY"
"18","18045","FOUNTAIN_COUNTY"
"18","18047","FRANKLIN_COUNTY"
"18","18049","FULTON_COUNTY"
"18","18051","GIBSON_COUNTY"
"18","18053","GRANT_COUNTY"
"18","18055","GREENE_COUNTY"
"18","18057","HAMILTON_COUNTY"
"18","18059","HANCOCK_COUNTY"
"18","18061","HARRISON_COUNTY"
"18","18063","HENDRICKS_COUNTY"
"18","18065","HENRY_COUNTY"
"18","18067","HOWARD_COUNTY"
"18","18069","HUNTINGTON_COUNTY"
"18","18071","JACKSON_COUNTY"
"18","18073","JASPER_COUNTY"
"18","18075","JAY_COUNTY"
"18","18077","JEFFERSON_COUNTY"
"18","18079","JENNINGS_COUNTY"
"18","18081","JOHNSON_COUNTY"
"18","18083","KNOX_COUNTY"
"18","18085","KOSCIUSKO_COUNTY"
"18","18087","LAGRANGE_COUNTY"
"18","18089","LAKE_COUNTY"
"18","18091","LA_PORTE_COUNTY"
"18","18093","LAWRENCE_COUNTY"
"18","18095","MADISON_COUNTY"
"18","18097","MARION_COUNTY"
"18","18099","MARSHALL_COUNTY"
"18","18101","MARTIN_COUNTY"
"18","18103","MIAMI_COUNTY"
"18","18105","MONROE_COUNTY"
"18","18107","MONTGOMERY_COUNTY"
"18","18109","MORGAN_COUNTY"
"18","18111","NEWTON_COUNTY"
"18","18113","NOBLE_COUNTY"
"18","18115","OHIO_COUNTY"
"18","18117","ORANGE_COUNTY"
"18","18119","OWEN_COUNTY"
"18","18121","PARKE_COUNTY"
"18","18123","PERRY_COUNTY"
"18","18125","PIKE_COUNTY"
"18","18127","PORTER_COUNTY"
"18","18129","POSEY_COUNTY"
"18","18131","PULASKI_COUNTY"
"18","18133","PUTNAM_COUNTY"
"18","18135","RANDOLPH_COUNTY"
"18","18137","RIPLEY_COUNTY"
"18","18139","RUSH_COUNTY"
"18","18141","ST._JOSEPH_COUNTY"
"18","18143","SCOTT_COUNTY"
"18","18145","SHELBY_COUNTY"
"18","18147","SPENCER_COUNTY"
"18","18149","STARKE_COUNTY"
"18","18151","STEUBEN_COUNTY"
"18","18153","SULLIVAN_COUNTY"
"18","18155","SWITZERLAND_COUNTY"
"18","18157","TIPPECANOE_COUNTY"
"18","18159","TIPTON_COUNTY"
"18","18161","UNION_COUNTY"
"18","18163","VANDERBURGH_COUNTY"
"18","18165","VERMILLION_COUNTY"
"18","18167","VIGO_COUNTY"
"18","18169","WABASH_COUNTY"
"18","18171","WARREN_COUNTY"
"18","18173","WARRICK_COUNTY"
"18","18175","WASHINGTON_COUNTY"
"18","18177","WAYNE_COUNTY"
"18","18179","WELLS_COUNTY"
"18","18181","WHITE_COUNTY"
"18","18183","WHITLEY_COUNTY"
"19","19000","IOWA"
"19","19001","ADAIR_COUNTY"
"19","19003","ADAMS_COUNTY"
"19","19005","ALLAMAKEE_COUNTY"
"19","19007","APPANOOSE_COUNTY"
"19","19009","AUDUBON_COUNTY"
"19","19011","BENTON_COUNTY"
"19","19013","BLACK_HAWK_COUNTY"
"19","19015","BOONE_COUNTY"
"19","19017","BREMER_COUNTY"
"19","19019","BUCHANAN_COUNTY"
"19","19021","BUENA_VISTA_COUNTY"
"19","19023","BUTLER_COUNTY"
"19","19025","CALHOUN_COUNTY"
"19","19027","CARROLL_COUNTY"
"19","19029","CASS_COUNTY"
"19","19031","CEDAR_COUNTY"
"19","19033","CERRO_GORDO_COUNTY"
"19","19035","CHEROKEE_COUNTY"
"19","19037","CHICKASAW_COUNTY"
"19","19039","CLARKE_COUNTY"
"19","19041","CLAY_COUNTY"
"19","19043","CLAYTON_COUNTY"
"19","19045","CLINTON_COUNTY"
"19","19047","CRAWFORD_COUNTY"
"19","19049","DALLAS_COUNTY"
"19","19051","DAVIS_COUNTY"
"19","19053","DECATUR_COUNTY"
"19","19055","DELAWARE_COUNTY"
"19","19057","DES_MOINES_COUNTY"
"19","19059","DICKINSON_COUNTY"
"19","19061","DUBUQUE_COUNTY"
"19","19063","EMMET_COUNTY"
"19","19065","FAYETTE_COUNTY"
"19","19067","FLOYD_COUNTY"
"19","19069","FRANKLIN_COUNTY"
"19","19071","FREMONT_COUNTY"
"19","19073","GREENE_COUNTY"
"19","19075","GRUNDY_COUNTY"
"19","19077","GUTHRIE_COUNTY"
"19","19079","HAMILTON_COUNTY"
"19","19081","HANCOCK_COUNTY"
"19","19083","HARDIN_COUNTY"
"19","19085","HARRISON_COUNTY"
"19","19087","HENRY_COUNTY"
"19","19089","HOWARD_COUNTY"
"19","19091","HUMBOLDT_COUNTY"
"19","19093","IDA_COUNTY"
"19","19095","IOWA_COUNTY"
"19","19097","JACKSON_COUNTY"
"19","19099","JASPER_COUNTY"
"19","19101","JEFFERSON_COUNTY"
"19","19103","JOHNSON_COUNTY"
"19","19105","JONES_COUNTY"
"19","19107","KEOKUK_COUNTY"
"19","19109","KOSSUTH_COUNTY"
"19","19111","LEE_COUNTY"
"19","19113","LINN_COUNTY"
"19","19115","LOUISA_COUNTY"
"19","19117","LUCAS_COUNTY"
"19","19119","LYON_COUNTY"
"19","19121","MADISON_COUNTY"
"19","19123","MAHASKA_COUNTY"
"19","19125","MARION_COUNTY"
"19","19127","MARSHALL_COUNTY"
"19","19129","MILLS_COUNTY"
"19","19131","MITCHELL_COUNTY"
"19","19133","MONONA_COUNTY"
"19","19135","MONROE_COUNTY"
"19","19137","MONTGOMERY_COUNTY"
"19","19139","MUSCATINE_COUNTY"
"19","19141","O"
"19","19143","OSCEOLA_COUNTY"
"19","19145","PAGE_COUNTY"
"19","19147","PALO_ALTO_COUNTY"
"19","19149","PLYMOUTH_COUNTY"
"19","19151","POCAHONTAS_COUNTY"
"19","19153","POLK_COUNTY"
"19","19155","POTTAWATTAMIE_COUNTY"
"19","19157","POWESHIEK_COUNTY"
"19","19159","RINGGOLD_COUNTY"
"19","19161","SAC_COUNTY"
"19","19163","SCOTT_COUNTY"
"19","19165","SHELBY_COUNTY"
"19","19167","SIOUX_COUNTY"
"19","19169","STORY_COUNTY"
"19","19171","TAMA_COUNTY"
"19","19173","TAYLOR_COUNTY"
"19","19175","UNION_COUNTY"
"19","19177","VAN_BUREN_COUNTY"
"19","19179","WAPELLO_COUNTY"
"19","19181","WARREN_COUNTY"
"19","19183","WASHINGTON_COUNTY"
"19","19185","WAYNE_COUNTY"
"19","19187","WEBSTER_COUNTY"
"19","19189","WINNEBAGO_COUNTY"
"19","19191","WINNESHIEK_COUNTY"
"19","19193","WOODBURY_COUNTY"
"19","19195","WORTH_COUNTY"
"19","19197","WRIGHT_COUNTY"
"20","20000","KANSAS"
"20","20001","ALLEN_COUNTY"
"20","20003","ANDERSON_COUNTY"
"20","20005","ATCHISON_COUNTY"
"20","20007","BARBER_COUNTY"
"20","20009","BARTON_COUNTY"
"20","20011","BOURBON_COUNTY"
"20","20013","BROWN_COUNTY"
"20","20015","BUTLER_COUNTY"
"20","20017","CHASE_COUNTY"
"20","20019","CHAUTAUQUA_COUNTY"
"20","20021","CHEROKEE_COUNTY"
"20","20023","CHEYENNE_COUNTY"
"20","20025","CLARK_COUNTY"
"20","20027","CLAY_COUNTY"
"20","20029","CLOUD_COUNTY"
"20","20031","COFFEY_COUNTY"
"20","20033","COMANCHE_COUNTY"
"20","20035","COWLEY_COUNTY"
"20","20037","CRAWFORD_COUNTY"
"20","20039","DECATUR_COUNTY"
"20","20041","DICKINSON_COUNTY"
"20","20043","DONIPHAN_COUNTY"
"20","20045","DOUGLAS_COUNTY"
"20","20047","EDWARDS_COUNTY"
"20","20049","ELK_COUNTY"
"20","20051","ELLIS_COUNTY"
"20","20053","ELLSWORTH_COUNTY"
"20","20055","FINNEY_COUNTY"
"20","20057","FORD_COUNTY"
"20","20059","FRANKLIN_COUNTY"
"20","20061","GEARY_COUNTY"
"20","20063","GOVE_COUNTY"
"20","20065","GRAHAM_COUNTY"
"20","20067","GRANT_COUNTY"
"20","20069","GRAY_COUNTY"
"20","20071","GREELEY_COUNTY"
"20","20073","GREENWOOD_COUNTY"
"20","20075","HAMILTON_COUNTY"
"20","20077","HARPER_COUNTY"
"20","20079","HARVEY_COUNTY"
"20","20081","HASKELL_COUNTY"
"20","20083","HODGEMAN_COUNTY"
"20","20085","JACKSON_COUNTY"
"20","20087","JEFFERSON_COUNTY"
"20","20089","JEWELL_COUNTY"
"20","20091","JOHNSON_COUNTY"
"20","20093","KEARNY_COUNTY"
"20","20095","KINGMAN_COUNTY"
"20","20097","KIOWA_COUNTY"
"20","20099","LABETTE_COUNTY"
"20","20101","LANE_COUNTY"
"20","20103","LEAVENWORTH_COUNTY"
"20","20105","LINCOLN_COUNTY"
"20","20107","LINN_COUNTY"
"20","20109","LOGAN_COUNTY"
"20","20111","LYON_COUNTY"
"20","20113","MCPHERSON_COUNTY"
"20","20115","MARION_COUNTY"
"20","20117","MARSHALL_COUNTY"
"20","20119","MEADE_COUNTY"
"20","20121","MIAMI_COUNTY"
"20","20123","MITCHELL_COUNTY"
"20","20125","MONTGOMERY_COUNTY"
"20","20127","MORRIS_COUNTY"
"20","20129","MORTON_COUNTY"
"20","20131","NEMAHA_COUNTY"
"20","20133","NEOSHO_COUNTY"
"20","20135","NESS_COUNTY"
"20","20137","NORTON_COUNTY"
"20","20139","OSAGE_COUNTY"
"20","20141","OSBORNE_COUNTY"
"20","20143","OTTAWA_COUNTY"
"20","20145","PAWNEE_COUNTY"
"20","20147","PHILLIPS_COUNTY"
"20","20149","POTTAWATOMIE_COUNTY"
"20","20151","PRATT_COUNTY"
"20","20153","RAWLINS_COUNTY"
"20","20155","RENO_COUNTY"
"20","20157","REPUBLIC_COUNTY"
"20","20159","RICE_COUNTY"
"20","20161","RILEY_COUNTY"
"20","20163","ROOKS_COUNTY"
"20","20165","RUSH_COUNTY"
"20","20167","RUSSELL_COUNTY"
"20","20169","SALINE_COUNTY"
"20","20171","SCOTT_COUNTY"
"20","20173","SEDGWICK_COUNTY"
"20","20175","SEWARD_COUNTY"
"20","20177","SHAWNEE_COUNTY"
"20","20179","SHERIDAN_COUNTY"
"20","20181","SHERMAN_COUNTY"
"20","20183","SMITH_COUNTY"
"20","20185","STAFFORD_COUNTY"
"20","20187","STANTON_COUNTY"
"20","20189","STEVENS_COUNTY"
"20","20191","SUMNER_COUNTY"
"20","20193","THOMAS_COUNTY"
"20","20195","TREGO_COUNTY"
"20","20197","WABAUNSEE_COUNTY"
"20","20199","WALLACE_COUNTY"
"20","20201","WASHINGTON_COUNTY"
"20","20203","WICHITA_COUNTY"
"20","20205","WILSON_COUNTY"
"20","20207","WOODSON_COUNTY"
"20","20209","WYANDOTTE_COUNTY"
"21","21000","KENTUCKY"
"21","21001","ADAIR_COUNTY"
"21","21003","ALLEN_COUNTY"
"21","21005","ANDERSON_COUNTY"
"21","21007","BALLARD_COUNTY"
"21","21009","BARREN_COUNTY"
"21","21011","BATH_COUNTY"
"21","21013","BELL_COUNTY"
"21","21015","BOONE_COUNTY"
"21","21017","BOURBON_COUNTY"
"21","21019","BOYD_COUNTY"
"21","21021","BOYLE_COUNTY"
"21","21023","BRACKEN_COUNTY"
"21","21025","BREATHITT_COUNTY"
"21","21027","BRECKINRIDGE_COUNTY"
"21","21029","BULLITT_COUNTY"
"21","21031","BUTLER_COUNTY"
"21","21033","CALDWELL_COUNTY"
"21","21035","CALLOWAY_COUNTY"
"21","21037","CAMPBELL_COUNTY"
"21","21039","CARLISLE_COUNTY"
"21","21041","CARROLL_COUNTY"
"21","21043","CARTER_COUNTY"
"21","21045","CASEY_COUNTY"
"21","21047","CHRISTIAN_COUNTY"
"21","21049","CLARK_COUNTY"
"21","21051","CLAY_COUNTY"
"21","21053","CLINTON_COUNTY"
"21","21055","CRITTENDEN_COUNTY"
"21","21057","CUMBERLAND_COUNTY"
"21","21059","DAVIESS_COUNTY"
"21","21061","EDMONSON_COUNTY"
"21","21063","ELLIOTT_COUNTY"
"21","21065","ESTILL_COUNTY"
"21","21067","FAYETTE_COUNTY"
"21","21069","FLEMING_COUNTY"
"21","21071","FLOYD_COUNTY"
"21","21073","FRANKLIN_COUNTY"
"21","21075","FULTON_COUNTY"
"21","21077","GALLATIN_COUNTY"
"21","21079","GARRARD_COUNTY"
"21","21081","GRANT_COUNTY"
"21","21083","GRAVES_COUNTY"
"21","21085","GRAYSON_COUNTY"
"21","21087","GREEN_COUNTY"
"21","21089","GREENUP_COUNTY"
"21","21091","HANCOCK_COUNTY"
"21","21093","HARDIN_COUNTY"
"21","21095","HARLAN_COUNTY"
"21","21097","HARRISON_COUNTY"
"21","21099","HART_COUNTY"
"21","21101","HENDERSON_COUNTY"
"21","21103","HENRY_COUNTY"
"21","21105","HICKMAN_COUNTY"
"21","21107","HOPKINS_COUNTY"
"21","21109","JACKSON_COUNTY"
"21","21111","JEFFERSON_COUNTY"
"21","21113","JESSAMINE_COUNTY"
"21","21115","JOHNSON_COUNTY"
"21","21117","KENTON_COUNTY"
"21","21119","KNOTT_COUNTY"
"21","21121","KNOX_COUNTY"
"21","21123","LARUE_COUNTY"
"21","21125","LAUREL_COUNTY"
"21","21127","LAWRENCE_COUNTY"
"21","21129","LEE_COUNTY"
"21","21131","LESLIE_COUNTY"
"21","21133","LETCHER_COUNTY"
"21","21135","LEWIS_COUNTY"
"21","21137","LINCOLN_COUNTY"
"21","21139","LIVINGSTON_COUNTY"
"21","21141","LOGAN_COUNTY"
"21","21143","LYON_COUNTY"
"21","21145","MCCRACKEN_COUNTY"
"21","21147","MCCREARY_COUNTY"
"21","21149","MCLEAN_COUNTY"
"21","21151","MADISON_COUNTY"
"21","21153","MAGOFFIN_COUNTY"
"21","21155","MARION_COUNTY"
"21","21157","MARSHALL_COUNTY"
"21","21159","MARTIN_COUNTY"
"21","21161","MASON_COUNTY"
"21","21163","MEADE_COUNTY"
"21","21165","MENIFEE_COUNTY"
"21","21167","MERCER_COUNTY"
"21","21169","METCALFE_COUNTY"
"21","21171","MONROE_COUNTY"
"21","21173","MONTGOMERY_COUNTY"
"21","21175","MORGAN_COUNTY"
"21","21177","MUHLENBERG_COUNTY"
"21","21179","NELSON_COUNTY"
"21","21181","NICHOLAS_COUNTY"
"21","21183","OHIO_COUNTY"
"21","21185","OLDHAM_COUNTY"
"21","21187","OWEN_COUNTY"
"21","21189","OWSLEY_COUNTY"
"21","21191","PENDLETON_COUNTY"
"21","21193","PERRY_COUNTY"
"21","21195","PIKE_COUNTY"
"21","21197","POWELL_COUNTY"
"21","21199","PULASKI_COUNTY"
"21","21201","ROBERTSON_COUNTY"
"21","21203","ROCKCASTLE_COUNTY"
"21","21205","ROWAN_COUNTY"
"21","21207","RUSSELL_COUNTY"
"21","21209","SCOTT_COUNTY"
"21","21211","SHELBY_COUNTY"
"21","21213","SIMPSON_COUNTY"
"21","21215","SPENCER_COUNTY"
"21","21217","TAYLOR_COUNTY"
"21","21219","TODD_COUNTY"
"21","21221","TRIGG_COUNTY"
"21","21223","TRIMBLE_COUNTY"
"21","21225","UNION_COUNTY"
"21","21227","WARREN_COUNTY"
"21","21229","WASHINGTON_COUNTY"
"21","21231","WAYNE_COUNTY"
"21","21233","WEBSTER_COUNTY"
"21","21235","WHITLEY_COUNTY"
"21","21237","WOLFE_COUNTY"
"21","21239","WOODFORD_COUNTY"
"22","22000","LOUISIANA"
"22","22001","ACADIA_PARISH"
"22","22003","ALLEN_PARISH"
"22","22005","ASCENSION_PARISH"
"22","22007","ASSUMPTION_PARISH"
"22","22009","AVOYELLES_PARISH"
"22","22011","BEAUREGARD_PARISH"
"22","22013","BIENVILLE_PARISH"
"22","22015","BOSSIER_PARISH"
"22","22017","CADDO_PARISH"
"22","22019","CALCASIEU_PARISH"
"22","22021","CALDWELL_PARISH"
"22","22023","CAMERON_PARISH"
"22","22025","CATAHOULA_PARISH"
"22","22027","CLAIBORNE_PARISH"
"22","22029","CONCORDIA_PARISH"
"22","22031","DE_SOTO_PARISH"
"22","22033","EAST_BATON_ROUGE_PARISH"
"22","22035","EAST_CARROLL_PARISH"
"22","22037","EAST_FELICIANA_PARISH"
"22","22039","EVANGELINE_PARISH"
"22","22041","FRANKLIN_PARISH"
"22","22043","GRANT_PARISH"
"22","22045","IBERIA_PARISH"
"22","22047","IBERVILLE_PARISH"
"22","22049","JACKSON_PARISH"
"22","22051","JEFFERSON_PARISH"
"22","22053","JEFFERSON_DAVIS_PARISH"
"22","22055","LAFAYETTE_PARISH"
"22","22057","LAFOURCHE_PARISH"
"22","22059","LA_SALLE_PARISH"
"22","22061","LINCOLN_PARISH"
"22","22063","LIVINGSTON_PARISH"
"22","22065","MADISON_PARISH"
"22","22067","MOREHOUSE_PARISH"
"22","22069","NATCHITOCHES_PARISH"
"22","22071","ORLEANS_PARISH"
"22","22073","OUACHITA_PARISH"
"22","22075","PLAQUEMINES_PARISH"
"22","22077","POINTE_COUPEE_PARISH"
"22","22079","RAPIDES_PARISH"
"22","22081","RED_RIVER_PARISH"
"22","22083","RICHLAND_PARISH"
"22","22085","SABINE_PARISH"
"22","22087","ST._BERNARD_PARISH"
"22","22089","ST._CHARLES_PARISH"
"22","22091","ST._HELENA_PARISH"
"22","22093","ST._JAMES_PARISH"
"22","22095","ST._JOHN_THE_BAPTIST_PARISH"
"22","22097","ST._LANDRY_PARISH"
"22","22099","ST._MARTIN_PARISH"
"22","22101","ST._MARY_PARISH"
"22","22103","ST._TAMMANY_PARISH"
"22","22105","TANGIPAHOA_PARISH"
"22","22107","TENSAS_PARISH"
"22","22109","TERREBONNE_PARISH"
"22","22111","UNION_PARISH"
"22","22113","VERMILION_PARISH"
"22","22115","VERNON_PARISH"
"22","22117","WASHINGTON_PARISH"
"22","22119","WEBSTER_PARISH"
"22","22121","WEST_BATON_ROUGE_PARISH"
"22","22123","WEST_CARROLL_PARISH"
"22","22125","WEST_FELICIANA_PARISH"
"22","22127","WINN_PARISH"
"23","23000","MAINE"
"23","23001","ANDROSCOGGIN_COUNTY"
"23","23003","AROOSTOOK_COUNTY"
"23","23005","CUMBERLAND_COUNTY"
"23","23007","FRANKLIN_COUNTY"
"23","23009","HANCOCK_COUNTY"
"23","23011","KENNEBEC_COUNTY"
"23","23013","KNOX_COUNTY"
"23","23015","LINCOLN_COUNTY"
"23","23017","OXFORD_COUNTY"
"23","23019","PENOBSCOT_COUNTY"
"23","23021","PISCATAQUIS_COUNTY"
"23","23023","SAGADAHOC_COUNTY"
"23","23025","SOMERSET_COUNTY"
"23","23027","WALDO_COUNTY"
"23","23029","WASHINGTON_COUNTY"
"23","23031","YORK_COUNTY"
"24","24000","MARYLAND"
"24","24001","ALLEGANY_COUNTY"
"24","24003","ANNE_ARUNDEL_COUNTY"
"24","24005","BALTIMORE_COUNTY"
"24","24009","CALVERT_COUNTY"
"24","24011","CAROLINE_COUNTY"
"24","24013","CARROLL_COUNTY"
"24","24015","CECIL_COUNTY"
"24","24017","CHARLES_COUNTY"
"24","24019","DORCHESTER_COUNTY"
"24","24021","FREDERICK_COUNTY"
"24","24023","GARRETT_COUNTY"
"24","24025","HARFORD_COUNTY"
"24","24027","HOWARD_COUNTY"
"24","24029","KENT_COUNTY"
"24","24031","MONTGOMERY_COUNTY"
"24","24033","PRINCE_GEORGE"
"24","24035","QUEEN_ANNE"
"24","24037","ST._MARY"
"24","24039","SOMERSET_COUNTY"
"24","24041","TALBOT_COUNTY"
"24","24043","WASHINGTON_COUNTY"
"24","24045","WICOMICO_COUNTY"
"24","24047","WORCESTER_COUNTY"
"24","24510","BALTIMORE_CITY"
"25","25000","MASSACHUSETTS"
"25","25001","BARNSTABLE_COUNTY"
"25","25003","BERKSHIRE_COUNTY"
"25","25005","BRISTOL_COUNTY"
"25","25007","DUKES_COUNTY"
"25","25009","ESSEX_COUNTY"
"25","25011","FRANKLIN_COUNTY"
"25","25013","HAMPDEN_COUNTY"
"25","25015","HAMPSHIRE_COUNTY"
"25","25017","MIDDLESEX_COUNTY"
"25","25019","NANTUCKET_COUNTY"
"25","25021","NORFOLK_COUNTY"
"25","25023","PLYMOUTH_COUNTY"
"25","25025","SUFFOLK_COUNTY"
"25","25027","WORCESTER_COUNTY"
"26","26000","MICHIGAN"
"26","26001","ALCONA_COUNTY"
"26","26003","ALGER_COUNTY"
"26","26005","ALLEGAN_COUNTY"
"26","26007","ALPENA_COUNTY"
"26","26009","ANTRIM_COUNTY"
"26","26011","ARENAC_COUNTY"
"26","26013","BARAGA_COUNTY"
"26","26015","BARRY_COUNTY"
"26","26017","BAY_COUNTY"
"26","26019","BENZIE_COUNTY"
"26","26021","BERRIEN_COUNTY"
"26","26023","BRANCH_COUNTY"
"26","26025","CALHOUN_COUNTY"
"26","26027","CASS_COUNTY"
"26","26029","CHARLEVOIX_COUNTY"
"26","26031","CHEBOYGAN_COUNTY"
"26","26033","CHIPPEWA_COUNTY"
"26","26035","CLARE_COUNTY"
"26","26037","CLINTON_COUNTY"
"26","26039","CRAWFORD_COUNTY"
"26","26041","DELTA_COUNTY"
"26","26043","DICKINSON_COUNTY"
"26","26045","EATON_COUNTY"
"26","26047","EMMET_COUNTY"
"26","26049","GENESEE_COUNTY"
"26","26051","GLADWIN_COUNTY"
"26","26053","GOGEBIC_COUNTY"
"26","26055","GRAND_TRAVERSE_COUNTY"
"26","26057","GRATIOT_COUNTY"
"26","26059","HILLSDALE_COUNTY"
"26","26061","HOUGHTON_COUNTY"
"26","26063","HURON_COUNTY"
"26","26065","INGHAM_COUNTY"
"26","26067","IONIA_COUNTY"
"26","26069","IOSCO_COUNTY"
"26","26071","IRON_COUNTY"
"26","26073","ISABELLA_COUNTY"
"26","26075","JACKSON_COUNTY"
"26","26077","KALAMAZOO_COUNTY"
"26","26079","KALKASKA_COUNTY"
"26","26081","KENT_COUNTY"
"26","26083","KEWEENAW_COUNTY"
"26","26085","LAKE_COUNTY"
"26","26087","LAPEER_COUNTY"
"26","26089","LEELANAU_COUNTY"
"26","26091","LENAWEE_COUNTY"
"26","26093","LIVINGSTON_COUNTY"
"26","26095","LUCE_COUNTY"
"26","26097","MACKINAC_COUNTY"
"26","26099","MACOMB_COUNTY"
"26","26101","MANISTEE_COUNTY"
"26","26103","MARQUETTE_COUNTY"
"26","26105","MASON_COUNTY"
"26","26107","MECOSTA_COUNTY"
"26","26109","MENOMINEE_COUNTY"
"26","26111","MIDLAND_COUNTY"
"26","26113","MISSAUKEE_COUNTY"
"26","26115","MONROE_COUNTY"
"26","26117","MONTCALM_COUNTY"
"26","26119","MONTMORENCY_COUNTY"
"26","26121","MUSKEGON_COUNTY"
"26","26123","NEWAYGO_COUNTY"
"26","26125","OAKLAND_COUNTY"
"26","26127","OCEANA_COUNTY"
"26","26129","OGEMAW_COUNTY"
"26","26131","ONTONAGON_COUNTY"
"26","26133","OSCEOLA_COUNTY"
"26","26135","OSCODA_COUNTY"
"26","26137","OTSEGO_COUNTY"
"26","26139","OTTAWA_COUNTY"
"26","26141","PRESQUE_ISLE_COUNTY"
"26","26143","ROSCOMMON_COUNTY"
"26","26145","SAGINAW_COUNTY"
"26","26147","ST._CLAIR_COUNTY"
"26","26149","ST._JOSEPH_COUNTY"
"26","26151","SANILAC_COUNTY"
"26","26153","SCHOOLCRAFT_COUNTY"
"26","26155","SHIAWASSEE_COUNTY"
"26","26157","TUSCOLA_COUNTY"
"26","26159","VAN_BUREN_COUNTY"
"26","26161","WASHTENAW_COUNTY"
"26","26163","WAYNE_COUNTY"
"26","26165","WEXFORD_COUNTY"
"27","27000","MINNESOTA"
"27","27001","AITKIN_COUNTY"
"27","27003","ANOKA_COUNTY"
"27","27005","BECKER_COUNTY"
"27","27007","BELTRAMI_COUNTY"
"27","27009","BENTON_COUNTY"
"27","27011","BIG_STONE_COUNTY"
"27","27013","BLUE_EARTH_COUNTY"
"27","27015","BROWN_COUNTY"
"27","27017","CARLTON_COUNTY"
"27","27019","CARVER_COUNTY"
"27","27021","CASS_COUNTY"
"27","27023","CHIPPEWA_COUNTY"
"27","27025","CHISAGO_COUNTY"
"27","27027","CLAY_COUNTY"
"27","27029","CLEARWATER_COUNTY"
"27","27031","COOK_COUNTY"
"27","27033","COTTONWOOD_COUNTY"
"27","27035","CROW_WING_COUNTY"
"27","27037","DAKOTA_COUNTY"
"27","27039","DODGE_COUNTY"
"27","27041","DOUGLAS_COUNTY"
"27","27043","FARIBAULT_COUNTY"
"27","27045","FILLMORE_COUNTY"
"27","27047","FREEBORN_COUNTY"
"27","27049","GOODHUE_COUNTY"
"27","27051","GRANT_COUNTY"
"27","27053","HENNEPIN_COUNTY"
"27","27055","HOUSTON_COUNTY"
"27","27057","HUBBARD_COUNTY"
"27","27059","ISANTI_COUNTY"
"27","27061","ITASCA_COUNTY"
"27","27063","JACKSON_COUNTY"
"27","27065","KANABEC_COUNTY"
"27","27067","KANDIYOHI_COUNTY"
"27","27069","KITTSON_COUNTY"
"27","27071","KOOCHICHING_COUNTY"
"27","27073","LAC_QUI_PARLE_COUNTY"
"27","27075","LAKE_COUNTY"
"27","27077","LAKE_OF_THE_WOODS_COUNTY"
"27","27079","LE_SUEUR_COUNTY"
"27","27081","LINCOLN_COUNTY"
"27","27083","LYON_COUNTY"
"27","27085","MCLEOD_COUNTY"
"27","27087","MAHNOMEN_COUNTY"
"27","27089","MARSHALL_COUNTY"
"27","27091","MARTIN_COUNTY"
"27","27093","MEEKER_COUNTY"
"27","27095","MILLE_LACS_COUNTY"
"27","27097","MORRISON_COUNTY"
"27","27099","MOWER_COUNTY"
"27","27101","MURRAY_COUNTY"
"27","27103","NICOLLET_COUNTY"
"27","27105","NOBLES_COUNTY"
"27","27107","NORMAN_COUNTY"
"27","27109","OLMSTED_COUNTY"
"27","27111","OTTER_TAIL_COUNTY"
"27","27113","PENNINGTON_COUNTY"
"27","27115","PINE_COUNTY"
"27","27117","PIPESTONE_COUNTY"
"27","27119","POLK_COUNTY"
"27","27121","POPE_COUNTY"
"27","27123","RAMSEY_COUNTY"
"27","27125","RED_LAKE_COUNTY"
"27","27127","REDWOOD_COUNTY"
"27","27129","RENVILLE_COUNTY"
"27","27131","RICE_COUNTY"
"27","27133","ROCK_COUNTY"
"27","27135","ROSEAU_COUNTY"
"27","27137","ST._LOUIS_COUNTY"
"27","27139","SCOTT_COUNTY"
"27","27141","SHERBURNE_COUNTY"
"27","27143","SIBLEY_COUNTY"
"27","27145","STEARNS_COUNTY"
"27","27147","STEELE_COUNTY"
"27","27149","STEVENS_COUNTY"
"27","27151","SWIFT_COUNTY"
"27","27153","TODD_COUNTY"
"27","27155","TRAVERSE_COUNTY"
"27","27157","WABASHA_COUNTY"
"27","27159","WADENA_COUNTY"
"27","27161","WASECA_COUNTY"
"27","27163","WASHINGTON_COUNTY"
"27","27165","WATONWAN_COUNTY"
"27","27167","WILKIN_COUNTY"
"27","27169","WINONA_COUNTY"
"27","27171","WRIGHT_COUNTY"
"27","27173","YELLOW_MEDICINE_COUNTY"
"28","28000","MISSISSIPPI"
"28","28001","ADAMS_COUNTY"
"28","28003","ALCORN_COUNTY"
"28","28005","AMITE_COUNTY"
"28","28007","ATTALA_COUNTY"
"28","28009","BENTON_COUNTY"
"28","28011","BOLIVAR_COUNTY"
"28","28013","CALHOUN_COUNTY"
"28","28015","CARROLL_COUNTY"
"28","28017","CHICKASAW_COUNTY"
"28","28019","CHOCTAW_COUNTY"
"28","28021","CLAIBORNE_COUNTY"
"28","28023","CLARKE_COUNTY"
"28","28025","CLAY_COUNTY"
"28","28027","COAHOMA_COUNTY"
"28","28029","COPIAH_COUNTY"
"28","28031","COVINGTON_COUNTY"
"28","28033","DESOTO_COUNTY"
"28","28035","FORREST_COUNTY"
"28","28037","FRANKLIN_COUNTY"
"28","28039","GEORGE_COUNTY"
"28","28041","GREENE_COUNTY"
"28","28043","GRENADA_COUNTY"
"28","28045","HANCOCK_COUNTY"
"28","28047","HARRISON_COUNTY"
"28","28049","HINDS_COUNTY"
"28","28051","HOLMES_COUNTY"
"28","28053","HUMPHREYS_COUNTY"
"28","28055","ISSAQUENA_COUNTY"
"28","28057","ITAWAMBA_COUNTY"
"28","28059","JACKSON_COUNTY"
"28","28061","JASPER_COUNTY"
"28","28063","JEFFERSON_COUNTY"
"28","28065","JEFFERSON_DAVIS_COUNTY"
"28","28067","JONES_COUNTY"
"28","28069","KEMPER_COUNTY"
"28","28071","LAFAYETTE_COUNTY"
"28","28073","LAMAR_COUNTY"
"28","28075","LAUDERDALE_COUNTY"
"28","28077","LAWRENCE_COUNTY"
"28","28079","LEAKE_COUNTY"
"28","28081","LEE_COUNTY"
"28","28083","LEFLORE_COUNTY"
"28","28085","LINCOLN_COUNTY"
"28","28087","LOWNDES_COUNTY"
"28","28089","MADISON_COUNTY"
"28","28091","MARION_COUNTY"
"28","28093","MARSHALL_COUNTY"
"28","28095","MONROE_COUNTY"
"28","28097","MONTGOMERY_COUNTY"
"28","28099","NESHOBA_COUNTY"
"28","28101","NEWTON_COUNTY"
"28","28103","NOXUBEE_COUNTY"
"28","28105","OKTIBBEHA_COUNTY"
"28","28107","PANOLA_COUNTY"
"28","28109","PEARL_RIVER_COUNTY"
"28","28111","PERRY_COUNTY"
"28","28113","PIKE_COUNTY"
"28","28115","PONTOTOC_COUNTY"
"28","28117","PRENTISS_COUNTY"
"28","28119","QUITMAN_COUNTY"
"28","28121","RANKIN_COUNTY"
"28","28123","SCOTT_COUNTY"
"28","28125","SHARKEY_COUNTY"
"28","28127","SIMPSON_COUNTY"
"28","28129","SMITH_COUNTY"
"28","28131","STONE_COUNTY"
"28","28133","SUNFLOWER_COUNTY"
"28","28135","TALLAHATCHIE_COUNTY"
"28","28137","TATE_COUNTY"
"28","28139","TIPPAH_COUNTY"
"28","28141","TISHOMINGO_COUNTY"
"28","28143","TUNICA_COUNTY"
"28","28145","UNION_COUNTY"
"28","28147","WALTHALL_COUNTY"
"28","28149","WARREN_COUNTY"
"28","28151","WASHINGTON_COUNTY"
"28","28153","WAYNE_COUNTY"
"28","28155","WEBSTER_COUNTY"
"28","28157","WILKINSON_COUNTY"
"28","28159","WINSTON_COUNTY"
"28","28161","YALOBUSHA_COUNTY"
"28","28163","YAZOO_COUNTY"
"29","29000","MISSOURI"
"29","29001","ADAIR_COUNTY"
"29","29003","ANDREW_COUNTY"
"29","29005","ATCHISON_COUNTY"
"29","29007","AUDRAIN_COUNTY"
"29","29009","BARRY_COUNTY"
"29","29011","BARTON_COUNTY"
"29","29013","BATES_COUNTY"
"29","29015","BENTON_COUNTY"
"29","29017","BOLLINGER_COUNTY"
"29","29019","BOONE_COUNTY"
"29","29021","BUCHANAN_COUNTY"
"29","29023","BUTLER_COUNTY"
"29","29025","CALDWELL_COUNTY"
"29","29027","CALLAWAY_COUNTY"
"29","29029","CAMDEN_COUNTY"
"29","29031","CAPE_GIRARDEAU_COUNTY"
"29","29033","CARROLL_COUNTY"
"29","29035","CARTER_COUNTY"
"29","29037","CASS_COUNTY"
"29","29039","CEDAR_COUNTY"
"29","29041","CHARITON_COUNTY"
"29","29043","CHRISTIAN_COUNTY"
"29","29045","CLARK_COUNTY"
"29","29047","CLAY_COUNTY"
"29","29049","CLINTON_COUNTY"
"29","29051","COLE_COUNTY"
"29","29053","COOPER_COUNTY"
"29","29055","CRAWFORD_COUNTY"
"29","29057","DADE_COUNTY"
"29","29059","DALLAS_COUNTY"
"29","29061","DAVIESS_COUNTY"
"29","29063","DEKALB_COUNTY"
"29","29065","DENT_COUNTY"
"29","29067","DOUGLAS_COUNTY"
"29","29069","DUNKLIN_COUNTY"
"29","29071","FRANKLIN_COUNTY"
"29","29073","GASCONADE_COUNTY"
"29","29075","GENTRY_COUNTY"
"29","29077","GREENE_COUNTY"
"29","29079","GRUNDY_COUNTY"
"29","29081","HARRISON_COUNTY"
"29","29083","HENRY_COUNTY"
"29","29085","HICKORY_COUNTY"
"29","29087","HOLT_COUNTY"
"29","29089","HOWARD_COUNTY"
"29","29091","HOWELL_COUNTY"
"29","29093","IRON_COUNTY"
"29","29095","JACKSON_COUNTY"
"29","29097","JASPER_COUNTY"
"29","29099","JEFFERSON_COUNTY"
"29","29101","JOHNSON_COUNTY"
"29","29103","KNOX_COUNTY"
"29","29105","LACLEDE_COUNTY"
"29","29107","LAFAYETTE_COUNTY"
"29","29109","LAWRENCE_COUNTY"
"29","29111","LEWIS_COUNTY"
"29","29113","LINCOLN_COUNTY"
"29","29115","LINN_COUNTY"
"29","29117","LIVINGSTON_COUNTY"
"29","29119","MCDONALD_COUNTY"
"29","29121","MACON_COUNTY"
"29","29123","MADISON_COUNTY"
"29","29125","MARIES_COUNTY"
"29","29127","MARION_COUNTY"
"29","29129","MERCER_COUNTY"
"29","29131","MILLER_COUNTY"
"29","29133","MISSISSIPPI_COUNTY"
"29","29135","MONITEAU_COUNTY"
"29","29137","MONROE_COUNTY"
"29","29139","MONTGOMERY_COUNTY"
"29","29141","MORGAN_COUNTY"
"29","29143","NEW_MADRID_COUNTY"
"29","29145","NEWTON_COUNTY"
"29","29147","NODAWAY_COUNTY"
"29","29149","OREGON_COUNTY"
"29","29151","OSAGE_COUNTY"
"29","29153","OZARK_COUNTY"
"29","29155","PEMISCOT_COUNTY"
"29","29157","PERRY_COUNTY"
"29","29159","PETTIS_COUNTY"
"29","29161","PHELPS_COUNTY"
"29","29163","PIKE_COUNTY"
"29","29165","PLATTE_COUNTY"
"29","29167","POLK_COUNTY"
"29","29169","PULASKI_COUNTY"
"29","29171","PUTNAM_COUNTY"
"29","29173","RALLS_COUNTY"
"29","29175","RANDOLPH_COUNTY"
"29","29177","RAY_COUNTY"
"29","29179","REYNOLDS_COUNTY"
"29","29181","RIPLEY_COUNTY"
"29","29183","ST._CHARLES_COUNTY"
"29","29185","ST._CLAIR_COUNTY"
"29","29186","STE._GENEVIEVE_COUNTY"
"29","29187","ST._FRANCOIS_COUNTY"
"29","29189","ST._LOUIS_COUNTY"
"29","29195","SALINE_COUNTY"
"29","29197","SCHUYLER_COUNTY"
"29","29199","SCOTLAND_COUNTY"
"29","29201","SCOTT_COUNTY"
"29","29203","SHANNON_COUNTY"
"29","29205","SHELBY_COUNTY"
"29","29207","STODDARD_COUNTY"
"29","29209","STONE_COUNTY"
"29","29211","SULLIVAN_COUNTY"
"29","29213","TANEY_COUNTY"
"29","29215","TEXAS_COUNTY"
"29","29217","VERNON_COUNTY"
"29","29219","WARREN_COUNTY"
"29","29221","WASHINGTON_COUNTY"
"29","29223","WAYNE_COUNTY"
"29","29225","WEBSTER_COUNTY"
"29","29227","WORTH_COUNTY"
"29","29229","WRIGHT_COUNTY"
"29","29510","ST._LOUIS_CITY"
"30","30000","MONTANA"
"30","30001","BEAVERHEAD_COUNTY"
"30","30003","BIG_HORN_COUNTY"
"30","30005","BLAINE_COUNTY"
"30","30007","BROADWATER_COUNTY"
"30","30009","CARBON_COUNTY"
"30","30011","CARTER_COUNTY"
"30","30013","CASCADE_COUNTY"
"30","30015","CHOUTEAU_COUNTY"
"30","30017","CUSTER_COUNTY"
"30","30019","DANIELS_COUNTY"
"30","30021","DAWSON_COUNTY"
"30","30023","DEER_LODGE_COUNTY"
"30","30025","FALLON_COUNTY"
"30","30027","FERGUS_COUNTY"
"30","30029","FLATHEAD_COUNTY"
"30","30031","GALLATIN_COUNTY"
"30","30033","GARFIELD_COUNTY"
"30","30035","GLACIER_COUNTY"
"30","30037","GOLDEN_VALLEY_COUNTY"
"30","30039","GRANITE_COUNTY"
"30","30041","HILL_COUNTY"
"30","30043","JEFFERSON_COUNTY"
"30","30045","JUDITH_BASIN_COUNTY"
"30","30047","LAKE_COUNTY"
"30","30049","LEWIS_AND_CLARK_COUNTY"
"30","30051","LIBERTY_COUNTY"
"30","30053","LINCOLN_COUNTY"
"30","30055","MCCONE_COUNTY"
"30","30057","MADISON_COUNTY"
"30","30059","MEAGHER_COUNTY"
"30","30061","MINERAL_COUNTY"
"30","30063","MISSOULA_COUNTY"
"30","30065","MUSSELSHELL_COUNTY"
"30","30067","PARK_COUNTY"
"30","30069","PETROLEUM_COUNTY"
"30","30071","PHILLIPS_COUNTY"
"30","30073","PONDERA_COUNTY"
"30","30075","POWDER_RIVER_COUNTY"
"30","30077","POWELL_COUNTY"
"30","30079","PRAIRIE_COUNTY"
"30","30081","RAVALLI_COUNTY"
"30","30083","RICHLAND_COUNTY"
"30","30085","ROOSEVELT_COUNTY"
"30","30087","ROSEBUD_COUNTY"
"30","30089","SANDERS_COUNTY"
"30","30091","SHERIDAN_COUNTY"
"30","30093","SILVER_BOW_COUNTY"
"30","30095","STILLWATER_COUNTY"
"30","30097","SWEET_GRASS_COUNTY"
"30","30099","TETON_COUNTY"
"30","30101","TOOLE_COUNTY"
"30","30103","TREASURE_COUNTY"
"30","30105","VALLEY_COUNTY"
"30","30107","WHEATLAND_COUNTY"
"30","30109","WIBAUX_COUNTY"
"30","30111","YELLOWSTONE_COUNTY"
"30","30113","YELLOWSTONE_NATIONAL_PARK"
"31","31000","NEBRASKA"
"31","31001","ADAMS_COUNTY"
"31","31003","ANTELOPE_COUNTY"
"31","31005","ARTHUR_COUNTY"
"31","31007","BANNER_COUNTY"
"31","31009","BLAINE_COUNTY"
"31","31011","BOONE_COUNTY"
"31","31013","BOX_BUTTE_COUNTY"
"31","31015","BOYD_COUNTY"
"31","31017","BROWN_COUNTY"
"31","31019","BUFFALO_COUNTY"
"31","31021","BURT_COUNTY"
"31","31023","BUTLER_COUNTY"
"31","31025","CASS_COUNTY"
"31","31027","CEDAR_COUNTY"
"31","31029","CHASE_COUNTY"
"31","31031","CHERRY_COUNTY"
"31","31033","CHEYENNE_COUNTY"
"31","31035","CLAY_COUNTY"
"31","31037","COLFAX_COUNTY"
"31","31039","CUMING_COUNTY"
"31","31041","CUSTER_COUNTY"
"31","31043","DAKOTA_COUNTY"
"31","31045","DAWES_COUNTY"
"31","31047","DAWSON_COUNTY"
"31","31049","DEUEL_COUNTY"
"31","31051","DIXON_COUNTY"
"31","31053","DODGE_COUNTY"
"31","31055","DOUGLAS_COUNTY"
"31","31057","DUNDY_COUNTY"
"31","31059","FILLMORE_COUNTY"
"31","31061","FRANKLIN_COUNTY"
"31","31063","FRONTIER_COUNTY"
"31","31065","FURNAS_COUNTY"
"31","31067","GAGE_COUNTY"
"31","31069","GARDEN_COUNTY"
"31","31071","GARFIELD_COUNTY"
"31","31073","GOSPER_COUNTY"
"31","31075","GRANT_COUNTY"
"31","31077","GREELEY_COUNTY"
"31","31079","HALL_COUNTY"
"31","31081","HAMILTON_COUNTY"
"31","31083","HARLAN_COUNTY"
"31","31085","HAYES_COUNTY"
"31","31087","HITCHCOCK_COUNTY"
"31","31089","HOLT_COUNTY"
"31","31091","HOOKER_COUNTY"
"31","31093","HOWARD_COUNTY"
"31","31095","JEFFERSON_COUNTY"
"31","31097","JOHNSON_COUNTY"
"31","31099","KEARNEY_COUNTY"
"31","31101","KEITH_COUNTY"
"31","31103","KEYA_PAHA_COUNTY"
"31","31105","KIMBALL_COUNTY"
"31","31107","KNOX_COUNTY"
"31","31109","LANCASTER_COUNTY"
"31","31111","LINCOLN_COUNTY"
"31","31113","LOGAN_COUNTY"
"31","31115","LOUP_COUNTY"
"31","31117","MCPHERSON_COUNTY"
"31","31119","MADISON_COUNTY"
"31","31121","MERRICK_COUNTY"
"31","31123","MORRILL_COUNTY"
"31","31125","NANCE_COUNTY"
"31","31127","NEMAHA_COUNTY"
"31","31129","NUCKOLLS_COUNTY"
"31","31131","OTOE_COUNTY"
"31","31133","PAWNEE_COUNTY"
"31","31135","PERKINS_COUNTY"
"31","31137","PHELPS_COUNTY"
"31","31139","PIERCE_COUNTY"
"31","31141","PLATTE_COUNTY"
"31","31143","POLK_COUNTY"
"31","31145","RED_WILLOW_COUNTY"
"31","31147","RICHARDSON_COUNTY"
"31","31149","ROCK_COUNTY"
"31","31151","SALINE_COUNTY"
"31","31153","SARPY_COUNTY"
"31","31155","SAUNDERS_COUNTY"
"31","31157","SCOTTS_BLUFF_COUNTY"
"31","31159","SEWARD_COUNTY"
"31","31161","SHERIDAN_COUNTY"
"31","31163","SHERMAN_COUNTY"
"31","31165","SIOUX_COUNTY"
"31","31167","STANTON_COUNTY"
"31","31169","THAYER_COUNTY"
"31","31171","THOMAS_COUNTY"
"31","31173","THURSTON_COUNTY"
"31","31175","VALLEY_COUNTY"
"31","31177","WASHINGTON_COUNTY"
"31","31179","WAYNE_COUNTY"
"31","31181","WEBSTER_COUNTY"
"31","31183","WHEELER_COUNTY"
"31","31185","YORK_COUNTY"
"32","32000","NEVADA"
"32","32001","CHURCHILL_COUNTY"
"32","32003","CLARK_COUNTY"
"32","32005","DOUGLAS_COUNTY"
"32","32007","ELKO_COUNTY"
"32","32009","ESMERALDA_COUNTY"
"32","32011","EUREKA_COUNTY"
"32","32013","HUMBOLDT_COUNTY"
"32","32015","LANDER_COUNTY"
"32","32017","LINCOLN_COUNTY"
"32","32019","LYON_COUNTY"
"32","32021","MINERAL_COUNTY"
"32","32023","NYE_COUNTY"
"32","32027","PERSHING_COUNTY"
"32","32029","STOREY_COUNTY"
"32","32031","WASHOE_COUNTY"
"32","32033","WHITE_PINE_COUNTY"
"32","32510","CARSON_CITY"
"33","33000","NEW_HAMPSHIRE"
"33","33001","BELKNAP_COUNTY"
"33","33003","CARROLL_COUNTY"
"33","33005","CHESHIRE_COUNTY"
"33","33007","COOS_COUNTY"
"33","33009","GRAFTON_COUNTY"
"33","33011","HILLSBOROUGH_COUNTY"
"33","33013","MERRIMACK_COUNTY"
"33","33015","ROCKINGHAM_COUNTY"
"33","33017","STRAFFORD_COUNTY"
"33","33019","SULLIVAN_COUNTY"
"34","34000","NEW_JERSEY"
"34","34001","ATLANTIC_COUNTY"
"34","34003","BERGEN_COUNTY"
"34","34005","BURLINGTON_COUNTY"
"34","34007","CAMDEN_COUNTY"
"34","34009","CAPE_MAY_COUNTY"
"34","34011","CUMBERLAND_COUNTY"
"34","34013","ESSEX_COUNTY"
"34","34015","GLOUCESTER_COUNTY"
"34","34017","HUDSON_COUNTY"
"34","34019","HUNTERDON_COUNTY"
"34","34021","MERCER_COUNTY"
"34","34023","MIDDLESEX_COUNTY"
"34","34025","MONMOUTH_COUNTY"
"34","34027","MORRIS_COUNTY"
"34","34029","OCEAN_COUNTY"
"34","34031","PASSAIC_COUNTY"
"34","34033","SALEM_COUNTY"
"34","34035","SOMERSET_COUNTY"
"34","34037","SUSSEX_COUNTY"
"34","34039","UNION_COUNTY"
"34","34041","WARREN_COUNTY"
"35","35000","NEW_MEXICO"
"35","35001","BERNALILLO_COUNTY"
"35","35003","CATRON_COUNTY"
"35","35005","CHAVES_COUNTY"
"35","35006","CIBOLA_COUNTY"
"35","35007","COLFAX_COUNTY"
"35","35009","CURRY_COUNTY"
"35","35011","DEBACA_COUNTY"
"35","35013","DONA_ANA_COUNTY"
"35","35015","EDDY_COUNTY"
"35","35017","GRANT_COUNTY"
"35","35019","GUADALUPE_COUNTY"
"35","35021","HARDING_COUNTY"
"35","35023","HIDALGO_COUNTY"
"35","35025","LEA_COUNTY"
"35","35027","LINCOLN_COUNTY"
"35","35028","LOS_ALAMOS_COUNTY"
"35","35029","LUNA_COUNTY"
"35","35031","MCKINLEY_COUNTY"
"35","35033","MORA_COUNTY"
"35","35035","OTERO_COUNTY"
"35","35037","QUAY_COUNTY"
"35","35039","RIO_ARRIBA_COUNTY"
"35","35041","ROOSEVELT_COUNTY"
"35","35043","SANDOVAL_COUNTY"
"35","35045","SAN_JUAN_COUNTY"
"35","35047","SAN_MIGUEL_COUNTY"
"35","35049","SANTA_FE_COUNTY"
"35","35051","SIERRA_COUNTY"
"35","35053","SOCORRO_COUNTY"
"35","35055","TAOS_COUNTY"
"35","35057","TORRANCE_COUNTY"
"35","35059","UNION_COUNTY"
"35","35061","VALENCIA_COUNTY"
"36","36000","NEW_YORK"
"36","36001","ALBANY_COUNTY"
"36","36003","ALLEGANY_COUNTY"
"36","36005","BRONX_COUNTY"
"36","36007","BROOME_COUNTY"
"36","36009","CATTARAUGUS_COUNTY"
"36","36011","CAYUGA_COUNTY"
"36","36013","CHAUTAUQUA_COUNTY"
"36","36015","CHEMUNG_COUNTY"
"36","36017","CHENANGO_COUNTY"
"36","36019","CLINTON_COUNTY"
"36","36021","COLUMBIA_COUNTY"
"36","36023","CORTLAND_COUNTY"
"36","36025","DELAWARE_COUNTY"
"36","36027","DUTCHESS_COUNTY"
"36","36029","ERIE_COUNTY"
"36","36031","ESSEX_COUNTY"
"36","36033","FRANKLIN_COUNTY"
"36","36035","FULTON_COUNTY"
"36","36037","GENESEE_COUNTY"
"36","36039","GREENE_COUNTY"
"36","36041","HAMILTON_COUNTY"
"36","36043","HERKIMER_COUNTY"
"36","36045","JEFFERSON_COUNTY"
"36","36047","KINGS_COUNTY"
"36","36049","LEWIS_COUNTY"
"36","36051","LIVINGSTON_COUNTY"
"36","36053","MADISON_COUNTY"
"36","36055","MONROE_COUNTY"
"36","36057","MONTGOMERY_COUNTY"
"36","36059","NASSAU_COUNTY"
"36","36061","NEW_YORK_COUNTY"
"36","36063","NIAGARA_COUNTY"
"36","36065","ONEIDA_COUNTY"
"36","36067","ONONDAGA_COUNTY"
"36","36069","ONTARIO_COUNTY"
"36","36071","ORANGE_COUNTY"
"36","36073","ORLEANS_COUNTY"
"36","36075","OSWEGO_COUNTY"
"36","36077","OTSEGO_COUNTY"
"36","36079","PUTNAM_COUNTY"
"36","36081","QUEENS_COUNTY"
"36","36083","RENSSELAER_COUNTY"
"36","36085","RICHMOND_COUNTY"
"36","36087","ROCKLAND_COUNTY"
"36","36089","ST._LAWRENCE_COUNTY"
"36","36091","SARATOGA_COUNTY"
"36","36093","SCHENECTADY_COUNTY"
"36","36095","SCHOHARIE_COUNTY"
"36","36097","SCHUYLER_COUNTY"
"36","36099","SENECA_COUNTY"
"36","36101","STEUBEN_COUNTY"
"36","36103","SUFFOLK_COUNTY"
"36","36105","SULLIVAN_COUNTY"
"36","36107","TIOGA_COUNTY"
"36","36109","TOMPKINS_COUNTY"
"36","36111","ULSTER_COUNTY"
"36","36113","WARREN_COUNTY"
"36","36115","WASHINGTON_COUNTY"
"36","36117","WAYNE_COUNTY"
"36","36119","WESTCHESTER_COUNTY"
"36","36121","WYOMING_COUNTY"
"36","36123","YATES_COUNTY"
"37","37000","NORTH_CAROLINA"
"37","37001","ALAMANCE_COUNTY"
"37","37003","ALEXANDER_COUNTY"
"37","37005","ALLEGHANY_COUNTY"
"37","37007","ANSON_COUNTY"
"37","37009","ASHE_COUNTY"
"37","37011","AVERY_COUNTY"
"37","37013","BEAUFORT_COUNTY"
"37","37015","BERTIE_COUNTY"
"37","37017","BLADEN_COUNTY"
"37","37019","BRUNSWICK_COUNTY"
"37","37021","BUNCOMBE_COUNTY"
"37","37023","BURKE_COUNTY"
"37","37025","CABARRUS_COUNTY"
"37","37027","CALDWELL_COUNTY"
"37","37029","CAMDEN_COUNTY"
"37","37031","CARTERET_COUNTY"
"37","37033","CASWELL_COUNTY"
"37","37035","CATAWBA_COUNTY"
"37","37037","CHATHAM_COUNTY"
"37","37039","CHEROKEE_COUNTY"
"37","37041","CHOWAN_COUNTY"
"37","37043","CLAY_COUNTY"
"37","37045","CLEVELAND_COUNTY"
"37","37047","COLUMBUS_COUNTY"
"37","37049","CRAVEN_COUNTY"
"37","37051","CUMBERLAND_COUNTY"
"37","37053","CURRITUCK_COUNTY"
"37","37055","DARE_COUNTY"
"37","37057","DAVIDSON_COUNTY"
"37","37059","DAVIE_COUNTY"
"37","37061","DUPLIN_COUNTY"
"37","37063","DURHAM_COUNTY"
"37","37065","EDGECOMBE_COUNTY"
"37","37067","FORSYTH_COUNTY"
"37","37069","FRANKLIN_COUNTY"
"37","37071","GASTON_COUNTY"
"37","37073","GATES_COUNTY"
"37","37075","GRAHAM_COUNTY"
"37","37077","GRANVILLE_COUNTY"
"37","37079","GREENE_COUNTY"
"37","37081","GUILFORD_COUNTY"
"37","37083","HALIFAX_COUNTY"
"37","37085","HARNETT_COUNTY"
"37","37087","HAYWOOD_COUNTY"
"37","37089","HENDERSON_COUNTY"
"37","37091","HERTFORD_COUNTY"
"37","37093","HOKE_COUNTY"
"37","37095","HYDE_COUNTY"
"37","37097","IREDELL_COUNTY"
"37","37099","JACKSON_COUNTY"
"37","37101","JOHNSTON_COUNTY"
"37","37103","JONES_COUNTY"
"37","37105","LEE_COUNTY"
"37","37107","LENOIR_COUNTY"
"37","37109","LINCOLN_COUNTY"
"37","37111","MCDOWELL_COUNTY"
"37","37113","MACON_COUNTY"
"37","37115","MADISON_COUNTY"
"37","37117","MARTIN_COUNTY"
"37","37119","MECKLENBURG_COUNTY"
"37","37121","MITCHELL_COUNTY"
"37","37123","MONTGOMERY_COUNTY"
"37","37125","MOORE_COUNTY"
"37","37127","NASH_COUNTY"
"37","37129","NEW_HANOVER_COUNTY"
"37","37131","NORTHAMPTON_COUNTY"
"37","37133","ONSLOW_COUNTY"
"37","37135","ORANGE_COUNTY"
"37","37137","PAMLICO_COUNTY"
"37","37139","PASQUOTANK_COUNTY"
"37","37141","PENDER_COUNTY"
"37","37143","PERQUIMANS_COUNTY"
"37","37145","PERSON_COUNTY"
"37","37147","PITT_COUNTY"
"37","37149","POLK_COUNTY"
"37","37151","RANDOLPH_COUNTY"
"37","37153","RICHMOND_COUNTY"
"37","37155","ROBESON_COUNTY"
"37","37157","ROCKINGHAM_COUNTY"
"37","37159","ROWAN_COUNTY"
"37","37161","RUTHERFORD_COUNTY"
"37","37163","SAMPSON_COUNTY"
"37","37165","SCOTLAND_COUNTY"
"37","37167","STANLY_COUNTY"
"37","37169","STOKES_COUNTY"
"37","37171","SURRY_COUNTY"
"37","37173","SWAIN_COUNTY"
"37","37175","TRANSYLVANIA_COUNTY"
"37","37177","TYRRELL_COUNTY"
"37","37179","UNION_COUNTY"
"37","37181","VANCE_COUNTY"
"37","37183","WAKE_COUNTY"
"37","37185","WARREN_COUNTY"
"37","37187","WASHINGTON_COUNTY"
"37","37189","WATAUGA_COUNTY"
"37","37191","WAYNE_COUNTY"
"37","37193","WILKES_COUNTY"
"37","37195","WILSON_COUNTY"
"37","37197","YADKIN_COUNTY"
"37","37199","YANCEY_COUNTY"
"38","38000","NORTH_DAKOTA"
"38","38001","ADAMS_COUNTY"
"38","38003","BARNES_COUNTY"
"38","38005","BENSON_COUNTY"
"38","38007","BILLINGS_COUNTY"
"38","38009","BOTTINEAU_COUNTY"
"38","38011","BOWMAN_COUNTY"
"38","38013","BURKE_COUNTY"
"38","38015","BURLEIGH_COUNTY"
"38","38017","CASS_COUNTY"
"38","38019","CAVALIER_COUNTY"
"38","38021","DICKEY_COUNTY"
"38","38023","DIVIDE_COUNTY"
"38","38025","DUNN_COUNTY"
"38","38027","EDDY_COUNTY"
"38","38029","EMMONS_COUNTY"
"38","38031","FOSTER_COUNTY"
"38","38033","GOLDEN_VALLEY_COUNTY"
"38","38035","GRAND_FORKS_COUNTY"
"38","38037","GRANT_COUNTY"
"38","38039","GRIGGS_COUNTY"
"38","38041","HETTINGER_COUNTY"
"38","38043","KIDDER_COUNTY"
"38","38045","LAMOURE_COUNTY"
"38","38047","LOGAN_COUNTY"
"38","38049","MCHENRY_COUNTY"
"38","38051","MCINTOSH_COUNTY"
"38","38053","MCKENZIE_COUNTY"
"38","38055","MCLEAN_COUNTY"
"38","38057","MERCER_COUNTY"
"38","38059","MORTON_COUNTY"
"38","38061","MOUNTRAIL_COUNTY"
"38","38063","NELSON_COUNTY"
"38","38065","OLIVER_COUNTY"
"38","38067","PEMBINA_COUNTY"
"38","38069","PIERCE_COUNTY"
"38","38071","RAMSEY_COUNTY"
"38","38073","RANSOM_COUNTY"
"38","38075","RENVILLE_COUNTY"
"38","38077","RICHLAND_COUNTY"
"38","38079","ROLETTE_COUNTY"
"38","38081","SARGENT_COUNTY"
"38","38083","SHERIDAN_COUNTY"
"38","38085","SIOUX_COUNTY"
"38","38087","SLOPE_COUNTY"
"38","38089","STARK_COUNTY"
"38","38091","STEELE_COUNTY"
"38","38093","STUTSMAN_COUNTY"
"38","38095","TOWNER_COUNTY"
"38","38097","TRAILL_COUNTY"
"38","38099","WALSH_COUNTY"
"38","38101","WARD_COUNTY"
"38","38103","WELLS_COUNTY"
"38","38105","WILLIAMS_COUNTY"
"39","39000","OHIO"
"39","39001","ADAMS_COUNTY"
"39","39003","ALLEN_COUNTY"
"39","39005","ASHLAND_COUNTY"
"39","39007","ASHTABULA_COUNTY"
"39","39009","ATHENS_COUNTY"
"39","39011","AUGLAIZE_COUNTY"
"39","39013","BELMONT_COUNTY"
"39","39015","BROWN_COUNTY"
"39","39017","BUTLER_COUNTY"
"39","39019","CARROLL_COUNTY"
"39","39021","CHAMPAIGN_COUNTY"
"39","39023","CLARK_COUNTY"
"39","39025","CLERMONT_COUNTY"
"39","39027","CLINTON_COUNTY"
"39","39029","COLUMBIANA_COUNTY"
"39","39031","COSHOCTON_COUNTY"
"39","39033","CRAWFORD_COUNTY"
"39","39035","CUYAHOGA_COUNTY"
"39","39037","DARKE_COUNTY"
"39","39039","DEFIANCE_COUNTY"
"39","39041","DELAWARE_COUNTY"
"39","39043","ERIE_COUNTY"
"39","39045","FAIRFIELD_COUNTY"
"39","39047","FAYETTE_COUNTY"
"39","39049","FRANKLIN_COUNTY"
"39","39051","FULTON_COUNTY"
"39","39053","GALLIA_COUNTY"
"39","39055","GEAUGA_COUNTY"
"39","39057","GREENE_COUNTY"
"39","39059","GUERNSEY_COUNTY"
"39","39061","HAMILTON_COUNTY"
"39","39063","HANCOCK_COUNTY"
"39","39065","HARDIN_COUNTY"
"39","39067","HARRISON_COUNTY"
"39","39069","HENRY_COUNTY"
"39","39071","HIGHLAND_COUNTY"
"39","39073","HOCKING_COUNTY"
"39","39075","HOLMES_COUNTY"
"39","39077","HURON_COUNTY"
"39","39079","JACKSON_COUNTY"
"39","39081","JEFFERSON_COUNTY"
"39","39083","KNOX_COUNTY"
"39","39085","LAKE_COUNTY"
"39","39087","LAWRENCE_COUNTY"
"39","39089","LICKING_COUNTY"
"39","39091","LOGAN_COUNTY"
"39","39093","LORAIN_COUNTY"
"39","39095","LUCAS_COUNTY"
"39","39097","MADISON_COUNTY"
"39","39099","MAHONING_COUNTY"
"39","39101","MARION_COUNTY"
"39","39103","MEDINA_COUNTY"
"39","39105","MEIGS_COUNTY"
"39","39107","MERCER_COUNTY"
"39","39109","MIAMI_COUNTY"
"39","39111","MONROE_COUNTY"
"39","39113","MONTGOMERY_COUNTY"
"39","39115","MORGAN_COUNTY"
"39","39117","MORROW_COUNTY"
"39","39119","MUSKINGUM_COUNTY"
"39","39121","NOBLE_COUNTY"
"39","39123","OTTAWA_COUNTY"
"39","39125","PAULDING_COUNTY"
"39","39127","PERRY_COUNTY"
"39","39129","PICKAWAY_COUNTY"
"39","39131","PIKE_COUNTY"
"39","39133","PORTAGE_COUNTY"
"39","39135","PREBLE_COUNTY"
"39","39137","PUTNAM_COUNTY"
"39","39139","RICHLAND_COUNTY"
"39","39141","ROSS_COUNTY"
"39","39143","SANDUSKY_COUNTY"
"39","39145","SCIOTO_COUNTY"
"39","39147","SENECA_COUNTY"
"39","39149","SHELBY_COUNTY"
"39","39151","STARK_COUNTY"
"39","39153","SUMMIT_COUNTY"
"39","39155","TRUMBULL_COUNTY"
"39","39157","TUSCARAWAS_COUNTY"
"39","39159","UNION_COUNTY"
"39","39161","VAN_WERT_COUNTY"
"39","39163","VINTON_COUNTY"
"39","39165","WARREN_COUNTY"
"39","39167","WASHINGTON_COUNTY"
"39","39169","WAYNE_COUNTY"
"39","39171","WILLIAMS_COUNTY"
"39","39173","WOOD_COUNTY"
"39","39175","WYANDOT_COUNTY"
"40","40000","OKLAHOMA"
"40","40001","ADAIR_COUNTY"
"40","40003","ALFALFA_COUNTY"
"40","40005","ATOKA_COUNTY"
"40","40007","BEAVER_COUNTY"
"40","40009","BECKHAM_COUNTY"
"40","40011","BLAINE_COUNTY"
"40","40013","BRYAN_COUNTY"
"40","40015","CADDO_COUNTY"
"40","40017","CANADIAN_COUNTY"
"40","40019","CARTER_COUNTY"
"40","40021","CHEROKEE_COUNTY"
"40","40023","CHOCTAW_COUNTY"
"40","40025","CIMARRON_COUNTY"
"40","40027","CLEVELAND_COUNTY"
"40","40029","COAL_COUNTY"
"40","40031","COMANCHE_COUNTY"
"40","40033","COTTON_COUNTY"
"40","40035","CRAIG_COUNTY"
"40","40037","CREEK_COUNTY"
"40","40039","CUSTER_COUNTY"
"40","40041","DELAWARE_COUNTY"
"40","40043","DEWEY_COUNTY"
"40","40045","ELLIS_COUNTY"
"40","40047","GARFIELD_COUNTY"
"40","40049","GARVIN_COUNTY"
"40","40051","GRADY_COUNTY"
"40","40053","GRANT_COUNTY"
"40","40055","GREER_COUNTY"
"40","40057","HARMON_COUNTY"
"40","40059","HARPER_COUNTY"
"40","40061","HASKELL_COUNTY"
"40","40063","HUGHES_COUNTY"
"40","40065","JACKSON_COUNTY"
"40","40067","JEFFERSON_COUNTY"
"40","40069","JOHNSTON_COUNTY"
"40","40071","KAY_COUNTY"
"40","40073","KINGFISHER_COUNTY"
"40","40075","KIOWA_COUNTY"
"40","40077","LATIMER_COUNTY"
"40","40079","LE_FLORE_COUNTY"
"40","40081","LINCOLN_COUNTY"
"40","40083","LOGAN_COUNTY"
"40","40085","LOVE_COUNTY"
"40","40087","MCCLAIN_COUNTY"
"40","40089","MCCURTAIN_COUNTY"
"40","40091","MCINTOSH_COUNTY"
"40","40093","MAJOR_COUNTY"
"40","40095","MARSHALL_COUNTY"
"40","40097","MAYES_COUNTY"
"40","40099","MURRAY_COUNTY"
"40","40101","MUSKOGEE_COUNTY"
"40","40103","NOBLE_COUNTY"
"40","40105","NOWATA_COUNTY"
"40","40107","OKFUSKEE_COUNTY"
"40","40109","OKLAHOMA_COUNTY"
"40","40111","OKMULGEE_COUNTY"
"40","40113","OSAGE_COUNTY"
"40","40115","OTTAWA_COUNTY"
"40","40117","PAWNEE_COUNTY"
"40","40119","PAYNE_COUNTY"
"40","40121","PITTSBURG_COUNTY"
"40","40123","PONTOTOC_COUNTY"
"40","40125","POTTAWATOMIE_COUNTY"
"40","40127","PUSHMATAHA_COUNTY"
"40","40129","ROGER_MILLS_COUNTY"
"40","40131","ROGERS_COUNTY"
"40","40133","SEMINOLE_COUNTY"
"40","40135","SEQUOYAH_COUNTY"
"40","40137","STEPHENS_COUNTY"
"40","40139","TEXAS_COUNTY"
"40","40141","TILLMAN_COUNTY"
"40","40143","TULSA_COUNTY"
"40","40145","WAGONER_COUNTY"
"40","40147","WASHINGTON_COUNTY"
"40","40149","WASHITA_COUNTY"
"40","40151","WOODS_COUNTY"
"40","40153","WOODWARD_COUNTY"
"41","41000","OREGON"
"41","41001","BAKER_COUNTY"
"41","41003","BENTON_COUNTY"
"41","41005","CLACKAMAS_COUNTY"
"41","41007","CLATSOP_COUNTY"
"41","41009","COLUMBIA_COUNTY"
"41","41011","COOS_COUNTY"
"41","41013","CROOK_COUNTY"
"41","41015","CURRY_COUNTY"
"41","41017","DESCHUTES_COUNTY"
"41","41019","DOUGLAS_COUNTY"
"41","41021","GILLIAM_COUNTY"
"41","41023","GRANT_COUNTY"
"41","41025","HARNEY_COUNTY"
"41","41027","HOOD_RIVER_COUNTY"
"41","41029","JACKSON_COUNTY"
"41","41031","JEFFERSON_COUNTY"
"41","41033","JOSEPHINE_COUNTY"
"41","41035","KLAMATH_COUNTY"
"41","41037","LAKE_COUNTY"
"41","41039","LANE_COUNTY"
"41","41041","LINCOLN_COUNTY"
"41","41043","LINN_COUNTY"
"41","41045","MALHEUR_COUNTY"
"41","41047","MARION_COUNTY"
"41","41049","MORROW_COUNTY"
"41","41051","MULTNOMAH_COUNTY"
"41","41053","POLK_COUNTY"
"41","41055","SHERMAN_COUNTY"
"41","41057","TILLAMOOK_COUNTY"
"41","41059","UMATILLA_COUNTY"
"41","41061","UNION_COUNTY"
"41","41063","WALLOWA_COUNTY"
"41","41065","WASCO_COUNTY"
"41","41067","WASHINGTON_COUNTY"
"41","41069","WHEELER_COUNTY"
"41","41071","YAMHILL_COUNTY"
"42","42000","PENNSYLVANIA"
"42","42001","ADAMS_COUNTY"
"42","42003","ALLEGHENY_COUNTY"
"42","42005","ARMSTRONG_COUNTY"
"42","42007","BEAVER_COUNTY"
"42","42009","BEDFORD_COUNTY"
"42","42011","BERKS_COUNTY"
"42","42013","BLAIR_COUNTY"
"42","42015","BRADFORD_COUNTY"
"42","42017","BUCKS_COUNTY"
"42","42019","BUTLER_COUNTY"
"42","42021","CAMBRIA_COUNTY"
"42","42023","CAMERON_COUNTY"
"42","42025","CARBON_COUNTY"
"42","42027","CENTRE_COUNTY"
"42","42029","CHESTER_COUNTY"
"42","42031","CLARION_COUNTY"
"42","42033","CLEARFIELD_COUNTY"
"42","42035","CLINTON_COUNTY"
"42","42037","COLUMBIA_COUNTY"
"42","42039","CRAWFORD_COUNTY"
"42","42041","CUMBERLAND_COUNTY"
"42","42043","DAUPHIN_COUNTY"
"42","42045","DELAWARE_COUNTY"
"42","42047","ELK_COUNTY"
"42","42049","ERIE_COUNTY"
"42","42051","FAYETTE_COUNTY"
"42","42053","FOREST_COUNTY"
"42","42055","FRANKLIN_COUNTY"
"42","42057","FULTON_COUNTY"
"42","42059","GREENE_COUNTY"
"42","42061","HUNTINGDON_COUNTY"
"42","42063","INDIANA_COUNTY"
"42","42065","JEFFERSON_COUNTY"
"42","42067","JUNIATA_COUNTY"
"42","42069","LACKAWANNA_COUNTY"
"42","42071","LANCASTER_COUNTY"
"42","42073","LAWRENCE_COUNTY"
"42","42075","LEBANON_COUNTY"
"42","42077","LEHIGH_COUNTY"
"42","42079","LUZERNE_COUNTY"
"42","42081","LYCOMING_COUNTY"
"42","42083","MC_KEAN_COUNTY"
"42","42085","MERCER_COUNTY"
"42","42087","MIFFLIN_COUNTY"
"42","42089","MONROE_COUNTY"
"42","42091","MONTGOMERY_COUNTY"
"42","42093","MONTOUR_COUNTY"
"42","42095","NORTHAMPTON_COUNTY"
"42","42097","NORTHUMBERLAND_COUNTY"
"42","42099","PERRY_COUNTY"
"42","42101","PHILADELPHIA_COUNTY"
"42","42103","PIKE_COUNTY"
"42","42105","POTTER_COUNTY"
"42","42107","SCHUYLKILL_COUNTY"
"42","42109","SNYDER_COUNTY"
"42","42111","SOMERSET_COUNTY"
"42","42113","SULLIVAN_COUNTY"
"42","42115","SUSQUEHANNA_COUNTY"
"42","42117","TIOGA_COUNTY"
"42","42119","UNION_COUNTY"
"42","42121","VENANGO_COUNTY"
"42","42123","WARREN_COUNTY"
"42","42125","WASHINGTON_COUNTY"
"42","42127","WAYNE_COUNTY"
"42","42129","WESTMORELAND_COUNTY"
"42","42131","WYOMING_COUNTY"
"42","42133","YORK_COUNTY"
"44","44000","RHODE_ISLAND"
"44","44001","BRISTOL_COUNTY"
"44","44003","KENT_COUNTY"
"44","44005","NEWPORT_COUNTY"
"44","44007","PROVIDENCE_COUNTY"
"44","44009","WASHINGTON_COUNTY"
"45","45000","SOUTH_CAROLINA"
"45","45001","ABBEVILLE_COUNTY"
"45","45003","AIKEN_COUNTY"
"45","45005","ALLENDALE_COUNTY"
"45","45007","ANDERSON_COUNTY"
"45","45009","BAMBERG_COUNTY"
"45","45011","BARNWELL_COUNTY"
"45","45013","BEAUFORT_COUNTY"
"45","45015","BERKELEY_COUNTY"
"45","45017","CALHOUN_COUNTY"
"45","45019","CHARLESTON_COUNTY"
"45","45021","CHEROKEE_COUNTY"
"45","45023","CHESTER_COUNTY"
"45","45025","CHESTERFIELD_COUNTY"
"45","45027","CLARENDON_COUNTY"
"45","45029","COLLETON_COUNTY"
"45","45031","DARLINGTON_COUNTY"
"45","45033","DILLON_COUNTY"
"45","45035","DORCHESTER_COUNTY"
"45","45037","EDGEFIELD_COUNTY"
"45","45039","FAIRFIELD_COUNTY"
"45","45041","FLORENCE_COUNTY"
"45","45043","GEORGETOWN_COUNTY"
"45","45045","GREENVILLE_COUNTY"
"45","45047","GREENWOOD_COUNTY"
"45","45049","HAMPTON_COUNTY"
"45","45051","HORRY_COUNTY"
"45","45053","JASPER_COUNTY"
"45","45055","KERSHAW_COUNTY"
"45","45057","LANCASTER_COUNTY"
"45","45059","LAURENS_COUNTY"
"45","45061","LEE_COUNTY"
"45","45063","LEXINGTON_COUNTY"
"45","45065","MCCORMICK_COUNTY"
"45","45067","MARION_COUNTY"
"45","45069","MARLBORO_COUNTY"
"45","45071","NEWBERRY_COUNTY"
"45","45073","OCONEE_COUNTY"
"45","45075","ORANGEBURG_COUNTY"
"45","45077","PICKENS_COUNTY"
"45","45079","RICHLAND_COUNTY"
"45","45081","SALUDA_COUNTY"
"45","45083","SPARTANBURG_COUNTY"
"45","45085","SUMTER_COUNTY"
"45","45087","UNION_COUNTY"
"45","45089","WILLIAMSBURG_COUNTY"
"45","45091","YORK_COUNTY"
"46","46000","SOUTH_DAKOTA"
"46","46003","AURORA_COUNTY"
"46","46005","BEADLE_COUNTY"
"46","46007","BENNETT_COUNTY"
"46","46009","BON_HOMME_COUNTY"
"46","46011","BROOKINGS_COUNTY"
"46","46013","BROWN_COUNTY"
"46","46015","BRULE_COUNTY"
"46","46017","BUFFALO_COUNTY"
"46","46019","BUTTE_COUNTY"
"46","46021","CAMPBELL_COUNTY"
"46","46023","CHARLES_MIX_COUNTY"
"46","46025","CLARK_COUNTY"
"46","46027","CLAY_COUNTY"
"46","46029","CODINGTON_COUNTY"
"46","46031","CORSON_COUNTY"
"46","46033","CUSTER_COUNTY"
"46","46035","DAVISON_COUNTY"
"46","46037","DAY_COUNTY"
"46","46039","DEUEL_COUNTY"
"46","46041","DEWEY_COUNTY"
"46","46043","DOUGLAS_COUNTY"
"46","46045","EDMUNDS_COUNTY"
"46","46047","FALL_RIVER_COUNTY"
"46","46049","FAULK_COUNTY"
"46","46051","GRANT_COUNTY"
"46","46053","GREGORY_COUNTY"
"46","46055","HAAKON_COUNTY"
"46","46057","HAMLIN_COUNTY"
"46","46059","HAND_COUNTY"
"46","46061","HANSON_COUNTY"
"46","46063","HARDING_COUNTY"
"46","46065","HUGHES_COUNTY"
"46","46067","HUTCHINSON_COUNTY"
"46","46069","HYDE_COUNTY"
"46","46071","JACKSON_COUNTY"
"46","46073","JERAULD_COUNTY"
"46","46075","JONES_COUNTY"
"46","46077","KINGSBURY_COUNTY"
"46","46079","LAKE_COUNTY"
"46","46081","LAWRENCE_COUNTY"
"46","46083","LINCOLN_COUNTY"
"46","46085","LYMAN_COUNTY"
"46","46087","MCCOOK_COUNTY"
"46","46089","MCPHERSON_COUNTY"
"46","46091","MARSHALL_COUNTY"
"46","46093","MEADE_COUNTY"
"46","46095","MELLETTE_COUNTY"
"46","46097","MINER_COUNTY"
"46","46099","MINNEHAHA_COUNTY"
"46","46101","MOODY_COUNTY"
"46","46103","PENNINGTON_COUNTY"
"46","46105","PERKINS_COUNTY"
"46","46107","POTTER_COUNTY"
"46","46109","ROBERTS_COUNTY"
"46","46111","SANBORN_COUNTY"
"46","46113","SHANNON_COUNTY"
"46","46115","SPINK_COUNTY"
"46","46117","STANLEY_COUNTY"
"46","46119","SULLY_COUNTY"
"46","46121","TODD_COUNTY"
"46","46123","TRIPP_COUNTY"
"46","46125","TURNER_COUNTY"
"46","46127","UNION_COUNTY"
"46","46129","WALWORTH_COUNTY"
"46","46135","YANKTON_COUNTY"
"46","46137","ZIEBACH_COUNTY"
"47","47000","TENNESSEE"
"47","47001","ANDERSON_COUNTY"
"47","47003","BEDFORD_COUNTY"
"47","47005","BENTON_COUNTY"
"47","47007","BLEDSOE_COUNTY"
"47","47009","BLOUNT_COUNTY"
"47","47011","BRADLEY_COUNTY"
"47","47013","CAMPBELL_COUNTY"
"47","47015","CANNON_COUNTY"
"47","47017","CARROLL_COUNTY"
"47","47019","CARTER_COUNTY"
"47","47021","CHEATHAM_COUNTY"
"47","47023","CHESTER_COUNTY"
"47","47025","CLAIBORNE_COUNTY"
"47","47027","CLAY_COUNTY"
"47","47029","COCKE_COUNTY"
"47","47031","COFFEE_COUNTY"
"47","47033","CROCKETT_COUNTY"
"47","47035","CUMBERLAND_COUNTY"
"47","47037","DAVIDSON_COUNTY"
"47","47039","DECATUR_COUNTY"
"47","47041","DEKALB_COUNTY"
"47","47043","DICKSON_COUNTY"
"47","47045","DYER_COUNTY"
"47","47047","FAYETTE_COUNTY"
"47","47049","FENTRESS_COUNTY"
"47","47051","FRANKLIN_COUNTY"
"47","47053","GIBSON_COUNTY"
"47","47055","GILES_COUNTY"
"47","47057","GRAINGER_COUNTY"
"47","47059","GREENE_COUNTY"
"47","47061","GRUNDY_COUNTY"
"47","47063","HAMBLEN_COUNTY"
"47","47065","HAMILTON_COUNTY"
"47","47067","HANCOCK_COUNTY"
"47","47069","HARDEMAN_COUNTY"
"47","47071","HARDIN_COUNTY"
"47","47073","HAWKINS_COUNTY"
"47","47075","HAYWOOD_COUNTY"
"47","47077","HENDERSON_COUNTY"
"47","47079","HENRY_COUNTY"
"47","47081","HICKMAN_COUNTY"
"47","47083","HOUSTON_COUNTY"
"47","47085","HUMPHREYS_COUNTY"
"47","47087","JACKSON_COUNTY"
"47","47089","JEFFERSON_COUNTY"
"47","47091","JOHNSON_COUNTY"
"47","47093","KNOX_COUNTY"
"47","47095","LAKE_COUNTY"
"47","47097","LAUDERDALE_COUNTY"
"47","47099","LAWRENCE_COUNTY"
"47","47101","LEWIS_COUNTY"
"47","47103","LINCOLN_COUNTY"
"47","47105","LOUDON_COUNTY"
"47","47107","MCMINN_COUNTY"
"47","47109","MCNAIRY_COUNTY"
"47","47111","MACON_COUNTY"
"47","47113","MADISON_COUNTY"
"47","47115","MARION_COUNTY"
"47","47117","MARSHALL_COUNTY"
"47","47119","MAURY_COUNTY"
"47","47121","MEIGS_COUNTY"
"47","47123","MONROE_COUNTY"
"47","47125","MONTGOMERY_COUNTY"
"47","47127","MOORE_COUNTY"
"47","47129","MORGAN_COUNTY"
"47","47131","OBION_COUNTY"
"47","47133","OVERTON_COUNTY"
"47","47135","PERRY_COUNTY"
"47","47137","PICKETT_COUNTY"
"47","47139","POLK_COUNTY"
"47","47141","PUTNAM_COUNTY"
"47","47143","RHEA_COUNTY"
"47","47145","ROANE_COUNTY"
"47","47147","ROBERTSON_COUNTY"
"47","47149","RUTHERFORD_COUNTY"
"47","47151","SCOTT_COUNTY"
"47","47153","SEQUATCHIE_COUNTY"
"47","47155","SEVIER_COUNTY"
"47","47157","SHELBY_COUNTY"
"47","47159","SMITH_COUNTY"
"47","47161","STEWART_COUNTY"
"47","47163","SULLIVAN_COUNTY"
"47","47165","SUMNER_COUNTY"
"47","47167","TIPTON_COUNTY"
"47","47169","TROUSDALE_COUNTY"
"47","47171","UNICOI_COUNTY"
"47","47173","UNION_COUNTY"
"47","47175","VAN_BUREN_COUNTY"
"47","47177","WARREN_COUNTY"
"47","47179","WASHINGTON_COUNTY"
"47","47181","WAYNE_COUNTY"
"47","47183","WEAKLEY_COUNTY"
"47","47185","WHITE_COUNTY"
"47","47187","WILLIAMSON_COUNTY"
"47","47189","WILSON_COUNTY"
"48","48000","TEXAS"
"48","48001","ANDERSON_COUNTY"
"48","48003","ANDREWS_COUNTY"
"48","48005","ANGELINA_COUNTY"
"48","48007","ARANSAS_COUNTY"
"48","48009","ARCHER_COUNTY"
"48","48011","ARMSTRONG_COUNTY"
"48","48013","ATASCOSA_COUNTY"
"48","48015","AUSTIN_COUNTY"
"48","48017","BAILEY_COUNTY"
"48","48019","BANDERA_COUNTY"
"48","48021","BASTROP_COUNTY"
"48","48023","BAYLOR_COUNTY"
"48","48025","BEE_COUNTY"
"48","48027","BELL_COUNTY"
"48","48029","BEXAR_COUNTY"
"48","48031","BLANCO_COUNTY"
"48","48033","BORDEN_COUNTY"
"48","48035","BOSQUE_COUNTY"
"48","48037","BOWIE_COUNTY"
"48","48039","BRAZORIA_COUNTY"
"48","48041","BRAZOS_COUNTY"
"48","48043","BREWSTER_COUNTY"
"48","48045","BRISCOE_COUNTY"
"48","48047","BROOKS_COUNTY"
"48","48049","BROWN_COUNTY"
"48","48051","BURLESON_COUNTY"
"48","48053","BURNET_COUNTY"
"48","48055","CALDWELL_COUNTY"
"48","48057","CALHOUN_COUNTY"
"48","48059","CALLAHAN_COUNTY"
"48","48061","CAMERON_COUNTY"
"48","48063","CAMP_COUNTY"
"48","48065","CARSON_COUNTY"
"48","48067","CASS_COUNTY"
"48","48069","CASTRO_COUNTY"
"48","48071","CHAMBERS_COUNTY"
"48","48073","CHEROKEE_COUNTY"
"48","48075","CHILDRESS_COUNTY"
"48","48077","CLAY_COUNTY"
"48","48079","COCHRAN_COUNTY"
"48","48081","COKE_COUNTY"
"48","48083","COLEMAN_COUNTY"
"48","48085","COLLIN_COUNTY"
"48","48087","COLLINGSWORTH_COUNTY"
"48","48089","COLORADO_COUNTY"
"48","48091","COMAL_COUNTY"
"48","48093","COMANCHE_COUNTY"
"48","48095","CONCHO_COUNTY"
"48","48097","COOKE_COUNTY"
"48","48099","CORYELL_COUNTY"
"48","48101","COTTLE_COUNTY"
"48","48103","CRANE_COUNTY"
"48","48105","CROCKETT_COUNTY"
"48","48107","CROSBY_COUNTY"
"48","48109","CULBERSON_COUNTY"
"48","48111","DALLAM_COUNTY"
"48","48113","DALLAS_COUNTY"
"48","48115","DAWSON_COUNTY"
"48","48117","DEAF_SMITH_COUNTY"
"48","48119","DELTA_COUNTY"
"48","48121","DENTON_COUNTY"
"48","48123","DEWITT_COUNTY"
"48","48125","DICKENS_COUNTY"
"48","48127","DIMMIT_COUNTY"
"48","48129","DONLEY_COUNTY"
"48","48131","DUVAL_COUNTY"
"48","48133","EASTLAND_COUNTY"
"48","48135","ECTOR_COUNTY"
"48","48137","EDWARDS_COUNTY"
"48","48139","ELLIS_COUNTY"
"48","48141","EL_PASO_COUNTY"
"48","48143","ERATH_COUNTY"
"48","48145","FALLS_COUNTY"
"48","48147","FANNIN_COUNTY"
"48","48149","FAYETTE_COUNTY"
"48","48151","FISHER_COUNTY"
"48","48153","FLOYD_COUNTY"
"48","48155","FOARD_COUNTY"
"48","48157","FORT_BEND_COUNTY"
"48","48159","FRANKLIN_COUNTY"
"48","48161","FREESTONE_COUNTY"
"48","48163","FRIO_COUNTY"
"48","48165","GAINES_COUNTY"
"48","48167","GALVESTON_COUNTY"
"48","48169","GARZA_COUNTY"
"48","48171","GILLESPIE_COUNTY"
"48","48173","GLASSCOCK_COUNTY"
"48","48175","GOLIAD_COUNTY"
"48","48177","GONZALES_COUNTY"
"48","48179","GRAY_COUNTY"
"48","48181","GRAYSON_COUNTY"
"48","48183","GREGG_COUNTY"
"48","48185","GRIMES_COUNTY"
"48","48187","GUADALUPE_COUNTY"
"48","48189","HALE_COUNTY"
"48","48191","HALL_COUNTY"
"48","48193","HAMILTON_COUNTY"
"48","48195","HANSFORD_COUNTY"
"48","48197","HARDEMAN_COUNTY"
"48","48199","HARDIN_COUNTY"
"48","48201","HARRIS_COUNTY"
"48","48203","HARRISON_COUNTY"
"48","48205","HARTLEY_COUNTY"
"48","48207","HASKELL_COUNTY"
"48","48209","HAYS_COUNTY"
"48","48211","HEMPHILL_COUNTY"
"48","48213","HENDERSON_COUNTY"
"48","48215","HIDALGO_COUNTY"
"48","48217","HILL_COUNTY"
"48","48219","HOCKLEY_COUNTY"
"48","48221","HOOD_COUNTY"
"48","48223","HOPKINS_COUNTY"
"48","48225","HOUSTON_COUNTY"
"48","48227","HOWARD_COUNTY"
"48","48229","HUDSPETH_COUNTY"
"48","48231","HUNT_COUNTY"
"48","48233","HUTCHINSON_COUNTY"
"48","48235","IRION_COUNTY"
"48","48237","JACK_COUNTY"
"48","48239","JACKSON_COUNTY"
"48","48241","JASPER_COUNTY"
"48","48243","JEFF_DAVIS_COUNTY"
"48","48245","JEFFERSON_COUNTY"
"48","48247","JIM_HOGG_COUNTY"
"48","48249","JIM_WELLS_COUNTY"
"48","48251","JOHNSON_COUNTY"
"48","48253","JONES_COUNTY"
"48","48255","KARNES_COUNTY"
"48","48257","KAUFMAN_COUNTY"
"48","48259","KENDALL_COUNTY"
"48","48261","KENEDY_COUNTY"
"48","48263","KENT_COUNTY"
"48","48265","KERR_COUNTY"
"48","48267","KIMBLE_COUNTY"
"48","48269","KING_COUNTY"
"48","48271","KINNEY_COUNTY"
"48","48273","KLEBERG_COUNTY"
"48","48275","KNOX_COUNTY"
"48","48277","LAMAR_COUNTY"
"48","48279","LAMB_COUNTY"
"48","48281","LAMPASAS_COUNTY"
"48","48283","LA_SALLE_COUNTY"
"48","48285","LAVACA_COUNTY"
"48","48287","LEE_COUNTY"
"48","48289","LEON_COUNTY"
"48","48291","LIBERTY_COUNTY"
"48","48293","LIMESTONE_COUNTY"
"48","48295","LIPSCOMB_COUNTY"
"48","48297","LIVE_OAK_COUNTY"
"48","48299","LLANO_COUNTY"
"48","48301","LOVING_COUNTY"
"48","48303","LUBBOCK_COUNTY"
"48","48305","LYNN_COUNTY"
"48","48307","MCCULLOCH_COUNTY"
"48","48309","MCLENNAN_COUNTY"
"48","48311","MCMULLEN_COUNTY"
"48","48313","MADISON_COUNTY"
"48","48315","MARION_COUNTY"
"48","48317","MARTIN_COUNTY"
"48","48319","MASON_COUNTY"
"48","48321","MATAGORDA_COUNTY"
"48","48323","MAVERICK_COUNTY"
"48","48325","MEDINA_COUNTY"
"48","48327","MENARD_COUNTY"
"48","48329","MIDLAND_COUNTY"
"48","48331","MILAM_COUNTY"
"48","48333","MILLS_COUNTY"
"48","48335","MITCHELL_COUNTY"
"48","48337","MONTAGUE_COUNTY"
"48","48339","MONTGOMERY_COUNTY"
"48","48341","MOORE_COUNTY"
"48","48343","MORRIS_COUNTY"
"48","48345","MOTLEY_COUNTY"
"48","48347","NACOGDOCHES_COUNTY"
"48","48349","NAVARRO_COUNTY"
"48","48351","NEWTON_COUNTY"
"48","48353","NOLAN_COUNTY"
"48","48355","NUECES_COUNTY"
"48","48357","OCHILTREE_COUNTY"
"48","48359","OLDHAM_COUNTY"
"48","48361","ORANGE_COUNTY"
"48","48363","PALO_PINTO_COUNTY"
"48","48365","PANOLA_COUNTY"
"48","48367","PARKER_COUNTY"
"48","48369","PARMER_COUNTY"
"48","48371","PECOS_COUNTY"
"48","48373","POLK_COUNTY"
"48","48375","POTTER_COUNTY"
"48","48377","PRESIDIO_COUNTY"
"48","48379","RAINS_COUNTY"
"48","48381","RANDALL_COUNTY"
"48","48383","REAGAN_COUNTY"
"48","48385","REAL_COUNTY"
"48","48387","RED_RIVER_COUNTY"
"48","48389","REEVES_COUNTY"
"48","48391","REFUGIO_COUNTY"
"48","48393","ROBERTS_COUNTY"
"48","48395","ROBERTSON_COUNTY"
"48","48397","ROCKWALL_COUNTY"
"48","48399","RUNNELS_COUNTY"
"48","48401","RUSK_COUNTY"
"48","48403","SABINE_COUNTY"
"48","48405","SAN_AUGUSTINE_COUNTY"
"48","48407","SAN_JACINTO_COUNTY"
"48","48409","SAN_PATRICIO_COUNTY"
"48","48411","SAN_SABA_COUNTY"
"48","48413","SCHLEICHER_COUNTY"
"48","48415","SCURRY_COUNTY"
"48","48417","SHACKELFORD_COUNTY"
"48","48419","SHELBY_COUNTY"
"48","48421","SHERMAN_COUNTY"
"48","48423","SMITH_COUNTY"
"48","48425","SOMERVELL_COUNTY"
"48","48427","STARR_COUNTY"
"48","48429","STEPHENS_COUNTY"
"48","48431","STERLING_COUNTY"
"48","48433","STONEWALL_COUNTY"
"48","48435","SUTTON_COUNTY"
"48","48437","SWISHER_COUNTY"
"48","48439","TARRANT_COUNTY"
"48","48441","TAYLOR_COUNTY"
"48","48443","TERRELL_COUNTY"
"48","48445","TERRY_COUNTY"
"48","48447","THROCKMORTON_COUNTY"
"48","48449","TITUS_COUNTY"
"48","48451","TOM_GREEN_COUNTY"
"48","48453","TRAVIS_COUNTY"
"48","48455","TRINITY_COUNTY"
"48","48457","TYLER_COUNTY"
"48","48459","UPSHUR_COUNTY"
"48","48461","UPTON_COUNTY"
"48","48463","UVALDE_COUNTY"
"48","48465","VAL_VERDE_COUNTY"
"48","48467","VAN_ZANDT_COUNTY"
"48","48469","VICTORIA_COUNTY"
"48","48471","WALKER_COUNTY"
"48","48473","WALLER_COUNTY"
"48","48475","WARD_COUNTY"
"48","48477","WASHINGTON_COUNTY"
"48","48479","WEBB_COUNTY"
"48","48481","WHARTON_COUNTY"
"48","48483","WHEELER_COUNTY"
"48","48485","WICHITA_COUNTY"
"48","48487","WILBARGER_COUNTY"
"48","48489","WILLACY_COUNTY"
"48","48491","WILLIAMSON_COUNTY"
"48","48493","WILSON_COUNTY"
"48","48495","WINKLER_COUNTY"
"48","48497","WISE_COUNTY"
"48","48499","WOOD_COUNTY"
"48","48501","YOAKUM_COUNTY"
"48","48503","YOUNG_COUNTY"
"48","48505","ZAPATA_COUNTY"
"48","48507","ZAVALA_COUNTY"
"49","49000","UTAH"
"49","49001","BEAVER_COUNTY"
"49","49003","BOX_ELDER_COUNTY"
"49","49005","CACHE_COUNTY"
"49","49007","CARBON_COUNTY"
"49","49009","DAGGETT_COUNTY"
"49","49011","DAVIS_COUNTY"
"49","49013","DUCHESNE_COUNTY"
"49","49015","EMERY_COUNTY"
"49","49017","GARFIELD_COUNTY"
"49","49019","GRAND_COUNTY"
"49","49021","IRON_COUNTY"
"49","49023","JUAB_COUNTY"
"49","49025","KANE_COUNTY"
"49","49027","MILLARD_COUNTY"
"49","49029","MORGAN_COUNTY"
"49","49031","PIUTE_COUNTY"
"49","49033","RICH_COUNTY"
"49","49035","SALT_LAKE_COUNTY"
"49","49037","SAN_JUAN_COUNTY"
"49","49039","SANPETE_COUNTY"
"49","49041","SEVIER_COUNTY"
"49","49043","SUMMIT_COUNTY"
"49","49045","TOOELE_COUNTY"
"49","49047","UINTAH_COUNTY"
"49","49049","UTAH_COUNTY"
"49","49051","WASATCH_COUNTY"
"49","49053","WASHINGTON_COUNTY"
"49","49055","WAYNE_COUNTY"
"49","49057","WEBER_COUNTY"
"50","50000","VERMONT"
"50","50001","ADDISON_COUNTY"
"50","50003","BENNINGTON_COUNTY"
"50","50005","CALEDONIA_COUNTY"
"50","50007","CHITTENDEN_COUNTY"
"50","50009","ESSEX_COUNTY"
"50","50011","FRANKLIN_COUNTY"
"50","50013","GRAND_ISLE_COUNTY"
"50","50015","LAMOILLE_COUNTY"
"50","50017","ORANGE_COUNTY"
"50","50019","ORLEANS_COUNTY"
"50","50021","RUTLAND_COUNTY"
"50","50023","WASHINGTON_COUNTY"
"50","50025","WINDHAM_COUNTY"
"50","50027","WINDSOR_COUNTY"
"51","51000","VIRGINIA"
"51","51001","ACCOMACK_COUNTY"
"51","51003","ALBEMARLE_COUNTY"
"51","51005","ALLEGHANY_COUNTY"
"51","51007","AMELIA_COUNTY"
"51","51009","AMHERST_COUNTY"
"51","51011","APPOMATTOX_COUNTY"
"51","51013","ARLINGTON_COUNTY"
"51","51015","AUGUSTA_COUNTY"
"51","51017","BATH_COUNTY"
"51","51019","BEDFORD_COUNTY"
"51","51021","BLAND_COUNTY"
"51","51023","BOTETOURT_COUNTY"
"51","51025","BRUNSWICK_COUNTY"
"51","51027","BUCHANAN_COUNTY"
"51","51029","BUCKINGHAM_COUNTY"
"51","51031","CAMPBELL_COUNTY"
"51","51033","CAROLINE_COUNTY"
"51","51035","CARROLL_COUNTY"
"51","51036","CHARLES_CITY_COUNTY"
"51","51037","CHARLOTTE_COUNTY"
"51","51041","CHESTERFIELD_COUNTY"
"51","51043","CLARKE_COUNTY"
"51","51045","CRAIG_COUNTY"
"51","51047","CULPEPER_COUNTY"
"51","51049","CUMBERLAND_COUNTY"
"51","51051","DICKENSON_COUNTY"
"51","51053","DINWIDDIE_COUNTY"
"51","51057","ESSEX_COUNTY"
"51","51059","FAIRFAX_COUNTY"
"51","51061","FAUQUIER_COUNTY"
"51","51063","FLOYD_COUNTY"
"51","51065","FLUVANNA_COUNTY"
"51","51067","FRANKLIN_COUNTY"
"51","51069","FREDERICK_COUNTY"
"51","51071","GILES_COUNTY"
"51","51073","GLOUCESTER_COUNTY"
"51","51075","GOOCHLAND_COUNTY"
"51","51077","GRAYSON_COUNTY"
"51","51079","GREENE_COUNTY"
"51","51081","GREENSVILLE_COUNTY"
"51","51083","HALIFAX_COUNTY"
"51","51085","HANOVER_COUNTY"
"51","51087","HENRICO_COUNTY"
"51","51089","HENRY_COUNTY"
"51","51091","HIGHLAND_COUNTY"
"51","51093","ISLE_OF_WIGHT_COUNTY"
"51","51095","JAMES_CITY_COUNTY"
"51","51097","KING_AND_QUEEN_COUNTY"
"51","51099","KING_GEORGE_COUNTY"
"51","51101","KING_WILLIAM_COUNTY"
"51","51103","LANCASTER_COUNTY"
"51","51105","LEE_COUNTY"
"51","51107","LOUDOUN_COUNTY"
"51","51109","LOUISA_COUNTY"
"51","51111","LUNENBURG_COUNTY"
"51","51113","MADISON_COUNTY"
"51","51115","MATHEWS_COUNTY"
"51","51117","MECKLENBURG_COUNTY"
"51","51119","MIDDLESEX_COUNTY"
"51","51121","MONTGOMERY_COUNTY"
"51","51125","NELSON_COUNTY"
"51","51127","NEW_KENT_COUNTY"
"51","51131","NORTHAMPTON_COUNTY"
"51","51133","NORTHUMBERLAND_COUNTY"
"51","51135","NOTTOWAY_COUNTY"
"51","51137","ORANGE_COUNTY"
"51","51139","PAGE_COUNTY"
"51","51141","PATRICK_COUNTY"
"51","51143","PITTSYLVANIA_COUNTY"
"51","51145","POWHATAN_COUNTY"
"51","51147","PRINCE_EDWARD_COUNTY"
"51","51149","PRINCE_GEORGE_COUNTY"
"51","51153","PRINCE_WILLIAM_COUNTY"
"51","51155","PULASKI_COUNTY"
"51","51157","RAPPAHANNOCK_COUNTY"
"51","51159","RICHMOND_COUNTY"
"51","51161","ROANOKE_COUNTY"
"51","51163","ROCKBRIDGE_COUNTY"
"51","51165","ROCKINGHAM_COUNTY"
"51","51167","RUSSELL_COUNTY"
"51","51169","SCOTT_COUNTY"
"51","51171","SHENANDOAH_COUNTY"
"51","51173","SMYTH_COUNTY"
"51","51175","SOUTHAMPTON_COUNTY"
"51","51177","SPOTSYLVANIA_COUNTY"
"51","51179","STAFFORD_COUNTY"
"51","51181","SURRY_COUNTY"
"51","51183","SUSSEX_COUNTY"
"51","51185","TAZEWELL_COUNTY"
"51","51187","WARREN_COUNTY"
"51","51191","WASHINGTON_COUNTY"
"51","51193","WESTMORELAND_COUNTY"
"51","51195","WISE_COUNTY"
"51","51197","WYTHE_COUNTY"
"51","51199","YORK_COUNTY"
"51","51510","ALEXANDRIA_CITY"
"51","51515","BEDFORD_CITY"
"51","51520","BRISTOL_CITY"
"51","51530","BUENA_VISTA_CITY"
"51","51540","CHARLOTTESVILLE_CITY"
"51","51550","CHESAPEAKE_CITY"
"51","51560","CLIFTON_FORGE_CITY"
"51","51570","COLONIAL_HEIGHTS_CITY"
"51","51580","COVINGTON_CITY"
"51","51590","DANVILLE_CITY"
"51","51595","EMPORIA_CITY"
"51","51600","FAIRFAX_CITY"
"51","51610","FALLS_CHURCH_CITY"
"51","51620","FRANKLIN_CITY"
"51","51630","FREDERICKSBURG_CITY"
"51","51640","GALAX_CITY"
"51","51650","HAMPTON_CITY"
"51","51660","HARRISONBURG_CITY"
"51","51670","HOPEWELL_CITY"
"51","51678","LEXINGTON_CITY"
"51","51680","LYNCHBURG_CITY"
"51","51683","MANASSAS_CITY"
"51","51685","MANASSAS_PARK_CITY"
"51","51690","MARTINSVILLE_CITY"
"51","51700","NEWPORT_NEWS_CITY"
"51","51710","NORFOLK_CITY"
"51","51720","NORTON_CITY"
"51","51730","PETERSBURG_CITY"
"51","51735","POQUOSON_CITY"
"51","51740","PORTSMOUTH_CITY"
"51","51750","RADFORD_CITY"
"51","51760","RICHMOND_CITY"
"51","51770","ROANOKE_CITY"
"51","51775","SALEM_CITY"
"51","51780","SOUTH_BOSTON_CITY"
"51","51790","STAUNTON_CITY"
"51","51800","SUFFOLK_CITY"
"51","51810","VIRGINIA_BEACH_CITY"
"51","51820","WAYNESBORO_CITY"
"51","51830","WILLIAMSBURG_CITY"
"51","51840","WINCHESTER_CITY"
"53","53000","WASHINGTON"
"53","53001","ADAMS_COUNTY"
"53","53003","ASOTIN_COUNTY"
"53","53005","BENTON_COUNTY"
"53","53007","CHELAN_COUNTY"
"53","53009","CLALLAM_COUNTY"
"53","53011","CLARK_COUNTY"
"53","53013","COLUMBIA_COUNTY"
"53","53015","COWLITZ_COUNTY"
"53","53017","DOUGLAS_COUNTY"
"53","53019","FERRY_COUNTY"
"53","53021","FRANKLIN_COUNTY"
"53","53023","GARFIELD_COUNTY"
"53","53025","GRANT_COUNTY"
"53","53027","GRAYS_HARBOR_COUNTY"
"53","53029","ISLAND_COUNTY"
"53","53031","JEFFERSON_COUNTY"
"53","53033","KING_COUNTY"
"53","53035","KITSAP_COUNTY"
"53","53037","KITTITAS_COUNTY"
"53","53039","KLICKITAT_COUNTY"
"53","53041","LEWIS_COUNTY"
"53","53043","LINCOLN_COUNTY"
"53","53045","MASON_COUNTY"
"53","53047","OKANOGAN_COUNTY"
"53","53049","PACIFIC_COUNTY"
"53","53051","PEND_OREILLE_COUNTY"
"53","53053","PIERCE_COUNTY"
"53","53055","SAN_JUAN_COUNTY"
"53","53057","SKAGIT_COUNTY"
"53","53059","SKAMANIA_COUNTY"
"53","53061","SNOHOMISH_COUNTY"
"53","53063","SPOKANE_COUNTY"
"53","53065","STEVENS_COUNTY"
"53","53067","THURSTON_COUNTY"
"53","53069","WAHKIAKUM_COUNTY"
"53","53071","WALLA_WALLA_COUNTY"
"53","53073","WHATCOM_COUNTY"
"53","53075","WHITMAN_COUNTY"
"53","53077","YAKIMA_COUNTY"
"54","54000","WEST_VIRGINIA"
"54","54001","BARBOUR_COUNTY"
"54","54003","BERKELEY_COUNTY"
"54","54005","BOONE_COUNTY"
"54","54007","BRAXTON_COUNTY"
"54","54009","BROOKE_COUNTY"
"54","54011","CABELL_COUNTY"
"54","54013","CALHOUN_COUNTY"
"54","54015","CLAY_COUNTY"
"54","54017","DODDRIDGE_COUNTY"
"54","54019","FAYETTE_COUNTY"
"54","54021","GILMER_COUNTY"
"54","54023","GRANT_COUNTY"
"54","54025","GREENBRIER_COUNTY"
"54","54027","HAMPSHIRE_COUNTY"
"54","54029","HANCOCK_COUNTY"
"54","54031","HARDY_COUNTY"
"54","54033","HARRISON_COUNTY"
"54","54035","JACKSON_COUNTY"
"54","54037","JEFFERSON_COUNTY"
"54","54039","KANAWHA_COUNTY"
"54","54041","LEWIS_COUNTY"
"54","54043","LINCOLN_COUNTY"
"54","54045","LOGAN_COUNTY"
"54","54047","MCDOWELL_COUNTY"
"54","54049","MARION_COUNTY"
"54","54051","MARSHALL_COUNTY"
"54","54053","MASON_COUNTY"
"54","54055","MERCER_COUNTY"
"54","54057","MINERAL_COUNTY"
"54","54059","MINGO_COUNTY"
"54","54061","MONONGALIA_COUNTY"
"54","54063","MONROE_COUNTY"
"54","54065","MORGAN_COUNTY"
"54","54067","NICHOLAS_COUNTY"
"54","54069","OHIO_COUNTY"
"54","54071","PENDLETON_COUNTY"
"54","54073","PLEASANTS_COUNTY"
"54","54075","POCAHONTAS_COUNTY"
"54","54077","PRESTON_COUNTY"
"54","54079","PUTNAM_COUNTY"
"54","54081","RALEIGH_COUNTY"
"54","54083","RANDOLPH_COUNTY"
"54","54085","RITCHIE_COUNTY"
"54","54087","ROANE_COUNTY"
"54","54089","SUMMERS_COUNTY"
"54","54091","TAYLOR_COUNTY"
"54","54093","TUCKER_COUNTY"
"54","54095","TYLER_COUNTY"
"54","54097","UPSHUR_COUNTY"
"54","54099","WAYNE_COUNTY"
"54","54101","WEBSTER_COUNTY"
"54","54103","WETZEL_COUNTY"
"54","54105","WIRT_COUNTY"
"54","54107","WOOD_COUNTY"
"54","54109","WYOMING_COUNTY"
"55","55000","WISCONSIN"
"55","55001","ADAMS_COUNTY"
"55","55003","ASHLAND_COUNTY"
"55","55005","BARRON_COUNTY"
"55","55007","BAYFIELD_COUNTY"
"55","55009","BROWN_COUNTY"
"55","55011","BUFFALO_COUNTY"
"55","55013","BURNETT_COUNTY"
"55","55015","CALUMET_COUNTY"
"55","55017","CHIPPEWA_COUNTY"
"55","55019","CLARK_COUNTY"
"55","55021","COLUMBIA_COUNTY"
"55","55023","CRAWFORD_COUNTY"
"55","55025","DANE_COUNTY"
"55","55027","DODGE_COUNTY"
"55","55029","DOOR_COUNTY"
"55","55031","DOUGLAS_COUNTY"
"55","55033","DUNN_COUNTY"
"55","55035","EAU_CLAIRE_COUNTY"
"55","55037","FLORENCE_COUNTY"
"55","55039","FOND_DU_LAC_COUNTY"
"55","55041","FOREST_COUNTY"
"55","55043","GRANT_COUNTY"
"55","55045","GREEN_COUNTY"
"55","55047","GREEN_LAKE_COUNTY"
"55","55049","IOWA_COUNTY"
"55","55051","IRON_COUNTY"
"55","55053","JACKSON_COUNTY"
"55","55055","JEFFERSON_COUNTY"
"55","55057","JUNEAU_COUNTY"
"55","55059","KENOSHA_COUNTY"
"55","55061","KEWAUNEE_COUNTY"
"55","55063","LA_CROSSE_COUNTY"
"55","55065","LAFAYETTE_COUNTY"
"55","55067","LANGLADE_COUNTY"
"55","55069","LINCOLN_COUNTY"
"55","55071","MANITOWOC_COUNTY"
"55","55073","MARATHON_COUNTY"
"55","55075","MARINETTE_COUNTY"
"55","55077","MARQUETTE_COUNTY"
"55","55078","MENOMINEE_COUNTY"
"55","55079","MILWAUKEE_COUNTY"
"55","55081","MONROE_COUNTY"
"55","55083","OCONTO_COUNTY"
"55","55085","ONEIDA_COUNTY"
"55","55087","OUTAGAMIE_COUNTY"
"55","55089","OZAUKEE_COUNTY"
"55","55091","PEPIN_COUNTY"
"55","55093","PIERCE_COUNTY"
"55","55095","POLK_COUNTY"
"55","55097","PORTAGE_COUNTY"
"55","55099","PRICE_COUNTY"
"55","55101","RACINE_COUNTY"
"55","55103","RICHLAND_COUNTY"
"55","55105","ROCK_COUNTY"
"55","55107","RUSK_COUNTY"
"55","55109","ST._CROIX_COUNTY"
"55","55111","SAUK_COUNTY"
"55","55113","SAWYER_COUNTY"
"55","55115","SHAWANO_COUNTY"
"55","55117","SHEBOYGAN_COUNTY"
"55","55119","TAYLOR_COUNTY"
"55","55121","TREMPEALEAU_COUNTY"
"55","55123","VERNON_COUNTY"
"55","55125","VILAS_COUNTY"
"55","55127","WALWORTH_COUNTY"
"55","55129","WASHBURN_COUNTY"
"55","55131","WASHINGTON_COUNTY"
"55","55133","WAUKESHA_COUNTY"
"55","55135","WAUPACA_COUNTY"
"55","55137","WAUSHARA_COUNTY"
"55","55139","WINNEBAGO_COUNTY"
"55","55141","WOOD_COUNTY"
"56","56000","WYOMING"
"56","56001","ALBANY_COUNTY"
"56","56003","BIG_HORN_COUNTY"
"56","56005","CAMPBELL_COUNTY"
"56","56007","CARBON_COUNTY"
"56","56009","CONVERSE_COUNTY"
"56","56011","CROOK_COUNTY"
"56","56013","FREMONT_COUNTY"
"56","56015","GOSHEN_COUNTY"
"56","56017","HOT_SPRINGS_COUNTY"
"56","56019","JOHNSON_COUNTY"
"56","56021","LARAMIE_COUNTY"
"56","56023","LINCOLN_COUNTY"
"56","56025","NATRONA_COUNTY"
"56","56027","NIOBRARA_COUNTY"
"56","56029","PARK_COUNTY"
"56","56031","PLATTE_COUNTY"
"56","56033","SHERIDAN_COUNTY"
"56","56035","SUBLETTE_COUNTY"
"56","56037","SWEETWATER_COUNTY"
"56","56039","TETON_COUNTY"
"56","56041","UINTA_COUNTY"
"56","56043","WASHAKIE_COUNTY"
"56","56045","WESTON_COUNTY"
